log_file,step,wall_time,episode_reward
experiments/ppo_pilot/logs/PPO_1/events.out.tfevents.1787960152.6d4b1ad2fc6f.10872.0,256,1787960152.8024414,-51.523277282714844
experiments/ppo_pilot/logs/PPO_1/events.out.tfevents.1787960152.6d4b1ad2fc6f.10872.0,512,1787960153.412186,-45.91461181640625
experiments/ppo_pilot/logs/PPO_1/events.out.tfevents.1787960152.6d4b1ad2fc6f.10872.0,768,1787960153.9129264,-43.50360870361328
experiments/ppo_pilot/logs/PPO_1/events.out.tfevents.1787960152.6d4b1ad2fc6f.10872.0,1024,1787960154.4001727,-45.22719192504883
experiments/ppo_pilot/logs/PPO_1/events.out.tfevents.1787960152.6d4b1ad2fc6f.10872.0,1280,1787960155.0927107,-46.65282440185547
experiments/ppo_pilot/logs/PPO_1/events.out.tfevents.1787960152.6d4b1ad2fc6f.10872.0,1536,1787960155.785669,-46.98460388183594
experiments/ppo_pilot/logs/PPO_1/events.out.tfevents.1787960152.6d4b1ad2fc6f.10872.0,1792,1787960156.6613808,-48.17605209350586
experiments/ppo_pilot/logs/PPO_1/events.out.tfevents.1787960152.6d4b1ad2fc6f.10872.0,2048,1787960157.3655052,-47.3505859375
experiments/ppo_pilot/logs/PPO_1/events.out.tfevents.1787960152.6d4b1ad2fc6f.10872.0,2304,1787960158.0394082,-47.161643981933594
experiments/ppo_pilot/logs/PPO_1/events.out.tfevents.1787960152.6d4b1ad2fc6f.10872.0,2560,1787960158.6983657,-46.163665771484375
experiments/ppo_pilot/logs/PPO_1/events.out.tfevents.1787960152.6d4b1ad2fc6f.10872.0,2816,1787960159.4360054,-45.812599182128906
experiments/ppo_pilot/logs/PPO_1/events.out.tfevents.1787960152.6d4b1ad2fc6f.10872.0,3072,1787960159.937004,-45.78310012817383
experiments/ppo_pilot/logs/PPO_1/events.out.tfevents.1787960152.6d4b1ad2fc6f.10872.0,3328,1787960160.448757,-46.02980041503906
experiments/ppo_pilot/logs/PPO_1/events.out.tfevents.1787960152.6d4b1ad2fc6f.10872.0,3584,1787960160.931871,-45.62614059448242
experiments/ppo_pilot/logs/PPO_1/events.out.tfevents.1787960152.6d4b1ad2fc6f.10872.0,3840,1787960161.4374733,-44.988277435302734
experiments/ppo_pilot/logs/PPO_1/events.out.tfevents.1787960152.6d4b1ad2fc6f.10872.0,4096,1787960161.955535,-43.08815383911133
experiments/ppo_pilot/logs/PPO_1/events.out.tfevents.1787960152.6d4b1ad2fc6f.10872.0,4352,1787960162.488169,-43.05738830566406
experiments/ppo_pilot/logs/PPO_1/events.out.tfevents.1787960152.6d4b1ad2fc6f.10872.0,4608,1787960162.9654262,-43.58730697631836
experiments/ppo_pilot/logs/PPO_1/events.out.tfevents.1787960152.6d4b1ad2fc6f.10872.0,4864,1787960163.457494,-43.17707824707031
experiments/ppo_pilot/logs/PPO_1/events.out.tfevents.1787960152.6d4b1ad2fc6f.10872.0,5120,1787960163.9350865,-42.5480842590332
experiments/ppo_pilot/logs/PPO_10/events.out.tfevents.1788170195.408410dbec80.4524.3,256,1788170195.763123,-51.523277282714844
experiments/ppo_pilot/logs/PPO_10/events.out.tfevents.1788170195.408410dbec80.4524.3,512,1788170196.3353708,-45.91461181640625
experiments/ppo_pilot/logs/PPO_10/events.out.tfevents.1788170195.408410dbec80.4524.3,768,1788170196.7938855,-43.50360870361328
experiments/ppo_pilot/logs/PPO_10/events.out.tfevents.1788170195.408410dbec80.4524.3,1024,1788170197.2088275,-45.22719192504883
experiments/ppo_pilot/logs/PPO_10/events.out.tfevents.1788170195.408410dbec80.4524.3,1280,1788170197.6207755,-46.65282440185547
experiments/ppo_pilot/logs/PPO_10/events.out.tfevents.1788170195.408410dbec80.4524.3,1536,1788170198.26852,-46.98460388183594
experiments/ppo_pilot/logs/PPO_10/events.out.tfevents.1788170195.408410dbec80.4524.3,1792,1788170198.7610002,-48.17605209350586
experiments/ppo_pilot/logs/PPO_10/events.out.tfevents.1788170195.408410dbec80.4524.3,2048,1788170199.9711068,-47.3505859375
experiments/ppo_pilot/logs/PPO_10/events.out.tfevents.1788170195.408410dbec80.4524.3,2304,1788170201.346875,-47.161643981933594
experiments/ppo_pilot/logs/PPO_10/events.out.tfevents.1788170195.408410dbec80.4524.3,2560,1788170202.532576,-46.163665771484375
experiments/ppo_pilot/logs/PPO_10/events.out.tfevents.1788170195.408410dbec80.4524.3,2816,1788170203.6129,-45.812599182128906
experiments/ppo_pilot/logs/PPO_10/events.out.tfevents.1788170195.408410dbec80.4524.3,3072,1788170205.2699618,-45.78310012817383
experiments/ppo_pilot/logs/PPO_10/events.out.tfevents.1788170195.408410dbec80.4524.3,3328,1788170207.6293736,-46.02980041503906
experiments/ppo_pilot/logs/PPO_10/events.out.tfevents.1788170195.408410dbec80.4524.3,3584,1788170210.058056,-45.62614059448242
experiments/ppo_pilot/logs/PPO_10/events.out.tfevents.1788170195.408410dbec80.4524.3,3840,1788170211.5358834,-44.988277435302734
experiments/ppo_pilot/logs/PPO_10/events.out.tfevents.1788170195.408410dbec80.4524.3,4096,1788170212.9309652,-43.08815383911133
experiments/ppo_pilot/logs/PPO_10/events.out.tfevents.1788170195.408410dbec80.4524.3,4352,1788170214.150822,-43.05738830566406
experiments/ppo_pilot/logs/PPO_10/events.out.tfevents.1788170195.408410dbec80.4524.3,4608,1788170215.0392568,-43.58730697631836
experiments/ppo_pilot/logs/PPO_10/events.out.tfevents.1788170195.408410dbec80.4524.3,4864,1788170215.9785526,-43.17707824707031
experiments/ppo_pilot/logs/PPO_10/events.out.tfevents.1788170195.408410dbec80.4524.3,5120,1788170217.081964,-42.5480842590332
experiments/ppo_pilot/logs/PPO_10/events.out.tfevents.1788170217.408410dbec80.4524.4,5376,1788170218.0690782,-42.631595611572266
experiments/ppo_pilot/logs/PPO_10/events.out.tfevents.1788170217.408410dbec80.4524.4,5632,1788170218.484046,-42.128963470458984
experiments/ppo_pilot/logs/PPO_10/events.out.tfevents.1788170217.408410dbec80.4524.4,5888,1788170219.0787468,-41.03746795654297
experiments/ppo_pilot/logs/PPO_10/events.out.tfevents.1788170217.408410dbec80.4524.4,6144,1788170219.5321112,-40.90604019165039
experiments/ppo_pilot/logs/PPO_10/events.out.tfevents.1788170217.408410dbec80.4524.4,6400,1788170219.9587905,-40.275634765625
experiments/ppo_pilot/logs/PPO_10/events.out.tfevents.1788170217.408410dbec80.4524.4,6656,1788170220.5246687,-39.9715690612793
experiments/ppo_pilot/logs/PPO_10/events.out.tfevents.1788170217.408410dbec80.4524.4,6912,1788170221.5658464,-38.462196350097656
experiments/ppo_pilot/logs/PPO_10/events.out.tfevents.1788170217.408410dbec80.4524.4,7168,1788170222.159098,-37.747798919677734
experiments/ppo_pilot/logs/PPO_10/events.out.tfevents.1788170217.408410dbec80.4524.4,7424,1788170223.7913432,-36.92033004760742
experiments/ppo_pilot/logs/PPO_10/events.out.tfevents.1788170217.408410dbec80.4524.4,7680,1788170226.2826989,-36.604408264160156
experiments/ppo_pilot/logs/PPO_10/events.out.tfevents.1788170217.408410dbec80.4524.4,7936,1788170227.4706285,-37.69602966308594
experiments/ppo_pilot/logs/PPO_10/events.out.tfevents.1788170217.408410dbec80.4524.4,8192,1788170228.4545329,-37.54451370239258
experiments/ppo_pilot/logs/PPO_10/events.out.tfevents.1788170217.408410dbec80.4524.4,8448,1788170229.4835744,-36.31383514404297
experiments/ppo_pilot/logs/PPO_10/events.out.tfevents.1788170217.408410dbec80.4524.4,8704,1788170230.5775802,-36.21642303466797
experiments/ppo_pilot/logs/PPO_10/events.out.tfevents.1788170217.408410dbec80.4524.4,8960,1788170231.91142,-34.66013717651367
experiments/ppo_pilot/logs/PPO_10/events.out.tfevents.1788170217.408410dbec80.4524.4,9216,1788170233.0083497,-34.7689208984375
experiments/ppo_pilot/logs/PPO_10/events.out.tfevents.1788170217.408410dbec80.4524.4,9472,1788170234.0504646,-34.9133415222168
experiments/ppo_pilot/logs/PPO_10/events.out.tfevents.1788170217.408410dbec80.4524.4,9728,1788170235.110175,-34.54991912841797
experiments/ppo_pilot/logs/PPO_10/events.out.tfevents.1788170217.408410dbec80.4524.4,9984,1788170236.3518755,-33.44557189941406
experiments/ppo_pilot/logs/PPO_10/events.out.tfevents.1788170217.408410dbec80.4524.4,10240,1788170238.2925174,-31.578285217285156
experiments/ppo_pilot/logs/PPO_10/events.out.tfevents.1788170217.408410dbec80.4524.4,10496,1788170240.3468459,-29.764442443847656
experiments/ppo_pilot/logs/PPO_10/events.out.tfevents.1788170217.408410dbec80.4524.4,10752,1788170242.1029987,-28.25990104675293
experiments/ppo_pilot/logs/PPO_10/events.out.tfevents.1788170217.408410dbec80.4524.4,11008,1788170242.8958194,-27.67852783203125
experiments/ppo_pilot/logs/PPO_10/events.out.tfevents.1788170217.408410dbec80.4524.4,11264,1788170243.4427795,-26.67646026611328
experiments/ppo_pilot/logs/PPO_10/events.out.tfevents.1788170217.408410dbec80.4524.4,11520,1788170243.9793124,-25.556821823120117
experiments/ppo_pilot/logs/PPO_10/events.out.tfevents.1788170217.408410dbec80.4524.4,11776,1788170244.4013128,-24.000186920166016
experiments/ppo_pilot/logs/PPO_10/events.out.tfevents.1788170217.408410dbec80.4524.4,12032,1788170244.8035555,-22.951152801513672
experiments/ppo_pilot/logs/PPO_10/events.out.tfevents.1788170217.408410dbec80.4524.4,12288,1788170245.223855,-22.363712310791016
experiments/ppo_pilot/logs/PPO_10/events.out.tfevents.1788170217.408410dbec80.4524.4,12544,1788170245.624611,-21.547330856323242
experiments/ppo_pilot/logs/PPO_10/events.out.tfevents.1788170217.408410dbec80.4524.4,12800,1788170246.051543,-20.347745895385742
experiments/ppo_pilot/logs/PPO_10/events.out.tfevents.1788170217.408410dbec80.4524.4,13056,1788170246.4974122,-19.859153747558594
experiments/ppo_pilot/logs/PPO_10/events.out.tfevents.1788170217.408410dbec80.4524.4,13312,1788170246.9125853,-19.06336212158203
experiments/ppo_pilot/logs/PPO_10/events.out.tfevents.1788170217.408410dbec80.4524.4,13568,1788170247.3438337,-18.337034225463867
experiments/ppo_pilot/logs/PPO_10/events.out.tfevents.1788170217.408410dbec80.4524.4,13824,1788170247.7515395,-17.683700561523438
experiments/ppo_pilot/logs/PPO_10/events.out.tfevents.1788170217.408410dbec80.4524.4,14080,1788170248.1801605,-16.900924682617188
experiments/ppo_pilot/logs/PPO_10/events.out.tfevents.1788170217.408410dbec80.4524.4,14336,1788170248.5942569,-16.00884437561035
experiments/ppo_pilot/logs/PPO_10/events.out.tfevents.1788170217.408410dbec80.4524.4,14592,1788170249.003099,-15.438026428222656
experiments/ppo_pilot/logs/PPO_10/events.out.tfevents.1788170217.408410dbec80.4524.4,14848,1788170249.4342546,-14.35718822479248
experiments/ppo_pilot/logs/PPO_10/events.out.tfevents.1788170217.408410dbec80.4524.4,15104,1788170249.838149,-13.832236289978027
experiments/ppo_pilot/logs/PPO_10/events.out.tfevents.1788170217.408410dbec80.4524.4,15360,1788170250.2688003,-12.85414981842041
experiments/ppo_pilot/logs/PPO_10/events.out.tfevents.1788170217.408410dbec80.4524.4,15616,1788170250.6684678,-12.247173309326172
experiments/ppo_pilot/logs/PPO_10/events.out.tfevents.1788170217.408410dbec80.4524.4,15872,1788170251.0819461,-11.661520957946777
experiments/ppo_pilot/logs/PPO_10/events.out.tfevents.1788170217.408410dbec80.4524.4,16128,1788170251.5148616,-11.093974113464355
experiments/ppo_pilot/logs/PPO_10/events.out.tfevents.1788170217.408410dbec80.4524.4,16384,1788170252.0006955,-10.597845077514648
experiments/ppo_pilot/logs/PPO_10/events.out.tfevents.1788170217.408410dbec80.4524.4,16640,1788170252.6330054,-10.475404739379883
experiments/ppo_pilot/logs/PPO_10/events.out.tfevents.1788170217.408410dbec80.4524.4,16896,1788170253.2087824,-10.232893943786621
experiments/ppo_pilot/logs/PPO_10/events.out.tfevents.1788170217.408410dbec80.4524.4,17152,1788170253.851874,-9.935820579528809
experiments/ppo_pilot/logs/PPO_10/events.out.tfevents.1788170217.408410dbec80.4524.4,17408,1788170254.4430673,-9.603562355041504
experiments/ppo_pilot/logs/PPO_10/events.out.tfevents.1788170217.408410dbec80.4524.4,17664,1788170255.000234,-9.304147720336914
experiments/ppo_pilot/logs/PPO_10/events.out.tfevents.1788170217.408410dbec80.4524.4,17920,1788170255.6239116,-9.211128234863281
experiments/ppo_pilot/logs/PPO_10/events.out.tfevents.1788170217.408410dbec80.4524.4,18176,1788170256.2821712,-9.082926750183105
experiments/ppo_pilot/logs/PPO_10/events.out.tfevents.1788170217.408410dbec80.4524.4,18432,1788170256.808698,-8.776965141296387
experiments/ppo_pilot/logs/PPO_10/events.out.tfevents.1788170217.408410dbec80.4524.4,18688,1788170257.2322304,-8.742291450500488
experiments/ppo_pilot/logs/PPO_10/events.out.tfevents.1788170217.408410dbec80.4524.4,18944,1788170257.6433856,-8.53968334197998
experiments/ppo_pilot/logs/PPO_10/events.out.tfevents.1788170217.408410dbec80.4524.4,19200,1788170258.0746534,-8.326642036437988
experiments/ppo_pilot/logs/PPO_10/events.out.tfevents.1788170217.408410dbec80.4524.4,19456,1788170258.5009208,-8.20291519165039
experiments/ppo_pilot/logs/PPO_10/events.out.tfevents.1788170217.408410dbec80.4524.4,19712,1788170258.9299085,-8.053580284118652
experiments/ppo_pilot/logs/PPO_10/events.out.tfevents.1788170217.408410dbec80.4524.4,19968,1788170259.3513706,-8.03779411315918
experiments/ppo_pilot/logs/PPO_10/events.out.tfevents.1788170217.408410dbec80.4524.4,20224,1788170259.7539077,-7.99398946762085
experiments/ppo_pilot/logs/PPO_11/events.out.tfevents.1788170620.408410dbec80.10232.0,256,1788170620.9296527,-51.523277282714844
experiments/ppo_pilot/logs/PPO_11/events.out.tfevents.1788170620.408410dbec80.10232.0,512,1788170621.4526417,-45.91461181640625
experiments/ppo_pilot/logs/PPO_11/events.out.tfevents.1788170620.408410dbec80.10232.0,768,1788170622.0461082,-43.50360870361328
experiments/ppo_pilot/logs/PPO_11/events.out.tfevents.1788170620.408410dbec80.10232.0,1024,1788170622.719708,-45.22719192504883
experiments/ppo_pilot/logs/PPO_11/events.out.tfevents.1788170620.408410dbec80.10232.0,1280,1788170623.8835495,-46.65282440185547
experiments/ppo_pilot/logs/PPO_11/events.out.tfevents.1788170620.408410dbec80.10232.0,1536,1788170625.9870048,-46.98460388183594
experiments/ppo_pilot/logs/PPO_11/events.out.tfevents.1788170620.408410dbec80.10232.0,1792,1788170628.0375614,-48.17605209350586
experiments/ppo_pilot/logs/PPO_11/events.out.tfevents.1788170620.408410dbec80.10232.0,2048,1788170630.3984728,-47.3505859375
experiments/ppo_pilot/logs/PPO_11/events.out.tfevents.1788170620.408410dbec80.10232.0,2304,1788170631.5188873,-47.161643981933594
experiments/ppo_pilot/logs/PPO_11/events.out.tfevents.1788170620.408410dbec80.10232.0,2560,1788170632.8935084,-46.163665771484375
experiments/ppo_pilot/logs/PPO_11/events.out.tfevents.1788170620.408410dbec80.10232.0,2816,1788170634.1818001,-45.812599182128906
experiments/ppo_pilot/logs/PPO_11/events.out.tfevents.1788170620.408410dbec80.10232.0,3072,1788170635.3735666,-45.78310012817383
experiments/ppo_pilot/logs/PPO_11/events.out.tfevents.1788170620.408410dbec80.10232.0,3328,1788170636.9319217,-46.02980041503906
experiments/ppo_pilot/logs/PPO_11/events.out.tfevents.1788170620.408410dbec80.10232.0,3584,1788170638.053145,-45.62614059448242
experiments/ppo_pilot/logs/PPO_11/events.out.tfevents.1788170620.408410dbec80.10232.0,3840,1788170638.9834073,-44.988277435302734
experiments/ppo_pilot/logs/PPO_11/events.out.tfevents.1788170620.408410dbec80.10232.0,4096,1788170639.8930652,-43.08815383911133
experiments/ppo_pilot/logs/PPO_11/events.out.tfevents.1788170620.408410dbec80.10232.0,4352,1788170641.3456836,-43.05738830566406
experiments/ppo_pilot/logs/PPO_11/events.out.tfevents.1788170620.408410dbec80.10232.0,4608,1788170643.416821,-43.58730697631836
experiments/ppo_pilot/logs/PPO_11/events.out.tfevents.1788170620.408410dbec80.10232.0,4864,1788170644.0177367,-43.17707824707031
experiments/ppo_pilot/logs/PPO_11/events.out.tfevents.1788170620.408410dbec80.10232.0,5120,1788170644.5960848,-42.5480842590332
experiments/ppo_pilot/logs/PPO_11/events.out.tfevents.1788170645.408410dbec80.10232.1,5376,1788170646.3111043,-41.95002365112305
experiments/ppo_pilot/logs/PPO_11/events.out.tfevents.1788170645.408410dbec80.10232.1,5632,1788170646.8003025,-41.21846389770508
experiments/ppo_pilot/logs/PPO_11/events.out.tfevents.1788170645.408410dbec80.10232.1,5888,1788170647.2456815,-40.182865142822266
experiments/ppo_pilot/logs/PPO_11/events.out.tfevents.1788170645.408410dbec80.10232.1,6144,1788170647.6887896,-40.1068115234375
experiments/ppo_pilot/logs/PPO_11/events.out.tfevents.1788170645.408410dbec80.10232.1,6400,1788170648.1176333,-39.84518051147461
experiments/ppo_pilot/logs/PPO_11/events.out.tfevents.1788170645.408410dbec80.10232.1,6656,1788170648.531565,-39.95067596435547
experiments/ppo_pilot/logs/PPO_11/events.out.tfevents.1788170645.408410dbec80.10232.1,6912,1788170648.9535406,-38.38031005859375
experiments/ppo_pilot/logs/PPO_11/events.out.tfevents.1788170645.408410dbec80.10232.1,7168,1788170649.3736858,-38.021854400634766
experiments/ppo_pilot/logs/PPO_11/events.out.tfevents.1788170645.408410dbec80.10232.1,7424,1788170649.789868,-36.95252990722656
experiments/ppo_pilot/logs/PPO_11/events.out.tfevents.1788170645.408410dbec80.10232.1,7680,1788170650.221583,-37.14854049682617
experiments/ppo_pilot/logs/PPO_11/events.out.tfevents.1788170645.408410dbec80.10232.1,7936,1788170650.6376722,-36.75539779663086
experiments/ppo_pilot/logs/PPO_11/events.out.tfevents.1788170645.408410dbec80.10232.1,8192,1788170651.0742946,-37.199798583984375
experiments/ppo_pilot/logs/PPO_11/events.out.tfevents.1788170645.408410dbec80.10232.1,8448,1788170651.4880817,-36.997989654541016
experiments/ppo_pilot/logs/PPO_11/events.out.tfevents.1788170645.408410dbec80.10232.1,8704,1788170651.9162874,-35.74649429321289
experiments/ppo_pilot/logs/PPO_11/events.out.tfevents.1788170645.408410dbec80.10232.1,8960,1788170652.3661637,-35.465248107910156
experiments/ppo_pilot/logs/PPO_11/events.out.tfevents.1788170645.408410dbec80.10232.1,9216,1788170652.802397,-34.33695602416992
experiments/ppo_pilot/logs/PPO_11/events.out.tfevents.1788170645.408410dbec80.10232.1,9472,1788170653.2519636,-34.2609748840332
experiments/ppo_pilot/logs/PPO_11/events.out.tfevents.1788170645.408410dbec80.10232.1,9728,1788170653.687313,-34.02956771850586
experiments/ppo_pilot/logs/PPO_11/events.out.tfevents.1788170645.408410dbec80.10232.1,9984,1788170654.118436,-33.218955993652344
experiments/ppo_pilot/logs/PPO_11/events.out.tfevents.1788170645.408410dbec80.10232.1,10240,1788170654.5517025,-32.08374786376953
experiments/ppo_pilot/logs/PPO_11/events.out.tfevents.1788170645.408410dbec80.10232.1,10496,1788170654.9644802,-30.874267578125
experiments/ppo_pilot/logs/PPO_11/events.out.tfevents.1788170645.408410dbec80.10232.1,10752,1788170655.4194524,-29.671451568603516
experiments/ppo_pilot/logs/PPO_11/events.out.tfevents.1788170645.408410dbec80.10232.1,11008,1788170655.8427246,-28.70722770690918
experiments/ppo_pilot/logs/PPO_11/events.out.tfevents.1788170645.408410dbec80.10232.1,11264,1788170656.2960715,-27.90504264831543
experiments/ppo_pilot/logs/PPO_11/events.out.tfevents.1788170645.408410dbec80.10232.1,11520,1788170656.8511984,-27.200607299804688
experiments/ppo_pilot/logs/PPO_11/events.out.tfevents.1788170645.408410dbec80.10232.1,11776,1788170657.5152118,-25.807422637939453
experiments/ppo_pilot/logs/PPO_11/events.out.tfevents.1788170645.408410dbec80.10232.1,12032,1788170658.0873358,-24.17072105407715
experiments/ppo_pilot/logs/PPO_11/events.out.tfevents.1788170645.408410dbec80.10232.1,12288,1788170658.7683895,-23.210708618164062
experiments/ppo_pilot/logs/PPO_11/events.out.tfevents.1788170645.408410dbec80.10232.1,12544,1788170659.3723662,-21.87186050415039
experiments/ppo_pilot/logs/PPO_11/events.out.tfevents.1788170645.408410dbec80.10232.1,12800,1788170659.9831293,-20.239444732666016
experiments/ppo_pilot/logs/PPO_11/events.out.tfevents.1788170645.408410dbec80.10232.1,13056,1788170660.6784277,-19.150781631469727
experiments/ppo_pilot/logs/PPO_11/events.out.tfevents.1788170645.408410dbec80.10232.1,13312,1788170661.4000087,-18.00650978088379
experiments/ppo_pilot/logs/PPO_11/events.out.tfevents.1788170645.408410dbec80.10232.1,13568,1788170661.8998432,-16.98683738708496
experiments/ppo_pilot/logs/PPO_11/events.out.tfevents.1788170645.408410dbec80.10232.1,13824,1788170662.3134785,-15.7474946975708
experiments/ppo_pilot/logs/PPO_11/events.out.tfevents.1788170645.408410dbec80.10232.1,14080,1788170662.753295,-14.637959480285645
experiments/ppo_pilot/logs/PPO_11/events.out.tfevents.1788170645.408410dbec80.10232.1,14336,1788170663.1869018,-13.966054916381836
experiments/ppo_pilot/logs/PPO_11/events.out.tfevents.1788170645.408410dbec80.10232.1,14592,1788170663.6156585,-13.192527770996094
experiments/ppo_pilot/logs/PPO_11/events.out.tfevents.1788170645.408410dbec80.10232.1,14848,1788170664.0400076,-12.6373929977417
experiments/ppo_pilot/logs/PPO_11/events.out.tfevents.1788170645.408410dbec80.10232.1,15104,1788170664.4559526,-11.979352951049805
experiments/ppo_pilot/logs/PPO_11/events.out.tfevents.1788170645.408410dbec80.10232.1,15360,1788170664.8781457,-11.330713272094727
experiments/ppo_pilot/logs/PPO_11/events.out.tfevents.1788170645.408410dbec80.10232.1,15616,1788170665.2911363,-10.80859661102295
experiments/ppo_pilot/logs/PPO_11/events.out.tfevents.1788170645.408410dbec80.10232.1,15872,1788170665.7038379,-10.139846801757812
experiments/ppo_pilot/logs/PPO_11/events.out.tfevents.1788170645.408410dbec80.10232.1,16128,1788170666.1405911,-9.87537956237793
experiments/ppo_pilot/logs/PPO_11/events.out.tfevents.1788170645.408410dbec80.10232.1,16384,1788170666.5510566,-9.568904876708984
experiments/ppo_pilot/logs/PPO_11/events.out.tfevents.1788170645.408410dbec80.10232.1,16640,1788170666.9968576,-9.2379732131958
experiments/ppo_pilot/logs/PPO_11/events.out.tfevents.1788170645.408410dbec80.10232.1,16896,1788170667.407855,-9.028387069702148
experiments/ppo_pilot/logs/PPO_11/events.out.tfevents.1788170645.408410dbec80.10232.1,17152,1788170667.814361,-8.935355186462402
experiments/ppo_pilot/logs/PPO_11/events.out.tfevents.1788170645.408410dbec80.10232.1,17408,1788170668.2457426,-8.879064559936523
experiments/ppo_pilot/logs/PPO_11/events.out.tfevents.1788170645.408410dbec80.10232.1,17664,1788170668.650385,-8.710467338562012
experiments/ppo_pilot/logs/PPO_11/events.out.tfevents.1788170645.408410dbec80.10232.1,17920,1788170669.0706463,-8.678933143615723
experiments/ppo_pilot/logs/PPO_11/events.out.tfevents.1788170645.408410dbec80.10232.1,18176,1788170669.4881196,-8.526918411254883
experiments/ppo_pilot/logs/PPO_11/events.out.tfevents.1788170645.408410dbec80.10232.1,18432,1788170669.9099615,-8.353740692138672
experiments/ppo_pilot/logs/PPO_11/events.out.tfevents.1788170645.408410dbec80.10232.1,18688,1788170670.3525782,-8.258865356445312
experiments/ppo_pilot/logs/PPO_11/events.out.tfevents.1788170645.408410dbec80.10232.1,18944,1788170670.761504,-8.117965698242188
experiments/ppo_pilot/logs/PPO_11/events.out.tfevents.1788170645.408410dbec80.10232.1,19200,1788170671.1810412,-7.987447261810303
experiments/ppo_pilot/logs/PPO_11/events.out.tfevents.1788170645.408410dbec80.10232.1,19456,1788170671.6007562,-7.767515659332275
experiments/ppo_pilot/logs/PPO_11/events.out.tfevents.1788170645.408410dbec80.10232.1,19712,1788170672.2289467,-7.667383193969727
experiments/ppo_pilot/logs/PPO_11/events.out.tfevents.1788170645.408410dbec80.10232.1,19968,1788170672.8368733,-7.520756721496582
experiments/ppo_pilot/logs/PPO_11/events.out.tfevents.1788170645.408410dbec80.10232.1,20224,1788170673.4849794,-7.513733386993408
experiments/ppo_pilot/logs/PPO_2/events.out.tfevents.1788073353.a8077c1affad.2207.0,256,1788073354.1273882,-51.523277282714844
experiments/ppo_pilot/logs/PPO_2/events.out.tfevents.1788073353.a8077c1affad.2207.0,512,1788073354.7631702,-45.91461181640625
experiments/ppo_pilot/logs/PPO_2/events.out.tfevents.1788073353.a8077c1affad.2207.0,768,1788073355.1814234,-43.50360870361328
experiments/ppo_pilot/logs/PPO_2/events.out.tfevents.1788073353.a8077c1affad.2207.0,1024,1788073355.790273,-45.22719192504883
experiments/ppo_pilot/logs/PPO_2/events.out.tfevents.1788073353.a8077c1affad.2207.0,1280,1788073356.3511007,-46.65282440185547
experiments/ppo_pilot/logs/PPO_2/events.out.tfevents.1788073353.a8077c1affad.2207.0,1536,1788073357.1320755,-46.98460388183594
experiments/ppo_pilot/logs/PPO_2/events.out.tfevents.1788073353.a8077c1affad.2207.0,1792,1788073359.3592703,-48.17605209350586
experiments/ppo_pilot/logs/PPO_2/events.out.tfevents.1788073353.a8077c1affad.2207.0,2048,1788073361.6702847,-47.3505859375
experiments/ppo_pilot/logs/PPO_2/events.out.tfevents.1788073353.a8077c1affad.2207.0,2304,1788073363.6160936,-47.161643981933594
experiments/ppo_pilot/logs/PPO_2/events.out.tfevents.1788073353.a8077c1affad.2207.0,2560,1788073365.219041,-46.163665771484375
experiments/ppo_pilot/logs/PPO_2/events.out.tfevents.1788073353.a8077c1affad.2207.0,2816,1788073366.6335099,-45.812599182128906
experiments/ppo_pilot/logs/PPO_2/events.out.tfevents.1788073353.a8077c1affad.2207.0,3072,1788073367.3663037,-45.78310012817383
experiments/ppo_pilot/logs/PPO_2/events.out.tfevents.1788073353.a8077c1affad.2207.0,3328,1788073367.7957075,-46.02980041503906
experiments/ppo_pilot/logs/PPO_2/events.out.tfevents.1788073353.a8077c1affad.2207.0,3584,1788073368.1947675,-45.62614059448242
experiments/ppo_pilot/logs/PPO_2/events.out.tfevents.1788073353.a8077c1affad.2207.0,3840,1788073368.6391141,-44.988277435302734
experiments/ppo_pilot/logs/PPO_2/events.out.tfevents.1788073353.a8077c1affad.2207.0,4096,1788073369.0487952,-43.08815383911133
experiments/ppo_pilot/logs/PPO_2/events.out.tfevents.1788073353.a8077c1affad.2207.0,4352,1788073369.4861941,-43.05738830566406
experiments/ppo_pilot/logs/PPO_2/events.out.tfevents.1788073353.a8077c1affad.2207.0,4608,1788073369.901855,-43.58730697631836
experiments/ppo_pilot/logs/PPO_2/events.out.tfevents.1788073353.a8077c1affad.2207.0,4864,1788073370.3107111,-43.17707824707031
experiments/ppo_pilot/logs/PPO_2/events.out.tfevents.1788073353.a8077c1affad.2207.0,5120,1788073370.7487743,-42.5480842590332
experiments/ppo_pilot/logs/PPO_2/events.out.tfevents.1788074794.a8077c1affad.2207.1,5376,1788074794.883923,-41.95002365112305
experiments/ppo_pilot/logs/PPO_2/events.out.tfevents.1788074794.a8077c1affad.2207.1,5632,1788074795.7739387,-41.21846389770508
experiments/ppo_pilot/logs/PPO_2/events.out.tfevents.1788074794.a8077c1affad.2207.1,5888,1788074796.2574492,-40.182865142822266
experiments/ppo_pilot/logs/PPO_2/events.out.tfevents.1788074794.a8077c1affad.2207.1,6144,1788074796.6651473,-40.1068115234375
experiments/ppo_pilot/logs/PPO_2/events.out.tfevents.1788074794.a8077c1affad.2207.1,6400,1788074797.0759368,-39.84518051147461
experiments/ppo_pilot/logs/PPO_2/events.out.tfevents.1788074794.a8077c1affad.2207.1,6656,1788074797.5077865,-39.95067596435547
experiments/ppo_pilot/logs/PPO_2/events.out.tfevents.1788074794.a8077c1affad.2207.1,6912,1788074797.9262958,-38.38031005859375
experiments/ppo_pilot/logs/PPO_2/events.out.tfevents.1788074794.a8077c1affad.2207.1,7168,1788074798.3492079,-38.021854400634766
experiments/ppo_pilot/logs/PPO_2/events.out.tfevents.1788074794.a8077c1affad.2207.1,7424,1788074798.8123727,-36.95252990722656
experiments/ppo_pilot/logs/PPO_2/events.out.tfevents.1788074794.a8077c1affad.2207.1,7680,1788074799.2372494,-37.14854049682617
experiments/ppo_pilot/logs/PPO_2/events.out.tfevents.1788074794.a8077c1affad.2207.1,7936,1788074799.6453466,-36.75539779663086
experiments/ppo_pilot/logs/PPO_2/events.out.tfevents.1788074794.a8077c1affad.2207.1,8192,1788074800.059325,-37.199798583984375
experiments/ppo_pilot/logs/PPO_2/events.out.tfevents.1788074794.a8077c1affad.2207.1,8448,1788074800.5010204,-36.997989654541016
experiments/ppo_pilot/logs/PPO_2/events.out.tfevents.1788074794.a8077c1affad.2207.1,8704,1788074800.9123054,-35.74649429321289
experiments/ppo_pilot/logs/PPO_2/events.out.tfevents.1788074794.a8077c1affad.2207.1,8960,1788074801.3341026,-35.465248107910156
experiments/ppo_pilot/logs/PPO_2/events.out.tfevents.1788074794.a8077c1affad.2207.1,9216,1788074801.8274467,-34.33695602416992
experiments/ppo_pilot/logs/PPO_2/events.out.tfevents.1788074794.a8077c1affad.2207.1,9472,1788074802.425049,-34.2609748840332
experiments/ppo_pilot/logs/PPO_2/events.out.tfevents.1788074794.a8077c1affad.2207.1,9728,1788074802.9797146,-34.02956771850586
experiments/ppo_pilot/logs/PPO_2/events.out.tfevents.1788074794.a8077c1affad.2207.1,9984,1788074803.6056013,-33.218955993652344
experiments/ppo_pilot/logs/PPO_2/events.out.tfevents.1788074794.a8077c1affad.2207.1,10240,1788074804.212746,-32.08374786376953
experiments/ppo_pilot/logs/PPO_2/events.out.tfevents.1788074794.a8077c1affad.2207.1,10496,1788074804.7967632,-30.874267578125
experiments/ppo_pilot/logs/PPO_2/events.out.tfevents.1788074794.a8077c1affad.2207.1,10752,1788074805.3545704,-29.671451568603516
experiments/ppo_pilot/logs/PPO_2/events.out.tfevents.1788074794.a8077c1affad.2207.1,11008,1788074806.0040395,-28.70722770690918
experiments/ppo_pilot/logs/PPO_2/events.out.tfevents.1788074794.a8077c1affad.2207.1,11264,1788074806.5888138,-27.90504264831543
experiments/ppo_pilot/logs/PPO_2/events.out.tfevents.1788074794.a8077c1affad.2207.1,11520,1788074807.0127106,-27.200607299804688
experiments/ppo_pilot/logs/PPO_2/events.out.tfevents.1788074794.a8077c1affad.2207.1,11776,1788074807.4257762,-25.807422637939453
experiments/ppo_pilot/logs/PPO_2/events.out.tfevents.1788074794.a8077c1affad.2207.1,12032,1788074807.8562796,-24.17072105407715
experiments/ppo_pilot/logs/PPO_2/events.out.tfevents.1788074794.a8077c1affad.2207.1,12288,1788074808.261529,-23.210708618164062
experiments/ppo_pilot/logs/PPO_2/events.out.tfevents.1788074794.a8077c1affad.2207.1,12544,1788074808.6740098,-21.87186050415039
experiments/ppo_pilot/logs/PPO_2/events.out.tfevents.1788074794.a8077c1affad.2207.1,12800,1788074809.094964,-20.239444732666016
experiments/ppo_pilot/logs/PPO_2/events.out.tfevents.1788074794.a8077c1affad.2207.1,13056,1788074809.4937105,-19.150781631469727
experiments/ppo_pilot/logs/PPO_2/events.out.tfevents.1788074794.a8077c1affad.2207.1,13312,1788074809.913785,-18.00650978088379
experiments/ppo_pilot/logs/PPO_2/events.out.tfevents.1788074794.a8077c1affad.2207.1,13568,1788074810.3297026,-16.98683738708496
experiments/ppo_pilot/logs/PPO_2/events.out.tfevents.1788074794.a8077c1affad.2207.1,13824,1788074810.7407749,-15.7474946975708
experiments/ppo_pilot/logs/PPO_2/events.out.tfevents.1788074794.a8077c1affad.2207.1,14080,1788074811.157894,-14.637959480285645
experiments/ppo_pilot/logs/PPO_2/events.out.tfevents.1788074794.a8077c1affad.2207.1,14336,1788074811.570046,-13.966054916381836
experiments/ppo_pilot/logs/PPO_2/events.out.tfevents.1788074794.a8077c1affad.2207.1,14592,1788074812.010963,-13.192527770996094
experiments/ppo_pilot/logs/PPO_2/events.out.tfevents.1788074794.a8077c1affad.2207.1,14848,1788074812.420775,-12.6373929977417
experiments/ppo_pilot/logs/PPO_2/events.out.tfevents.1788074794.a8077c1affad.2207.1,15104,1788074812.8316991,-11.979352951049805
experiments/ppo_pilot/logs/PPO_2/events.out.tfevents.1788074794.a8077c1affad.2207.1,15360,1788074813.244252,-11.330713272094727
experiments/ppo_pilot/logs/PPO_2/events.out.tfevents.1788074794.a8077c1affad.2207.1,15616,1788074813.6557336,-10.80859661102295
experiments/ppo_pilot/logs/PPO_2/events.out.tfevents.1788074794.a8077c1affad.2207.1,15872,1788074814.077481,-10.139846801757812
experiments/ppo_pilot/logs/PPO_2/events.out.tfevents.1788074794.a8077c1affad.2207.1,16128,1788074814.4799564,-9.87537956237793
experiments/ppo_pilot/logs/PPO_2/events.out.tfevents.1788074794.a8077c1affad.2207.1,16384,1788074814.8904965,-9.568904876708984
experiments/ppo_pilot/logs/PPO_2/events.out.tfevents.1788074794.a8077c1affad.2207.1,16640,1788074815.3170943,-9.2379732131958
experiments/ppo_pilot/logs/PPO_2/events.out.tfevents.1788074794.a8077c1affad.2207.1,16896,1788074815.7282395,-9.028387069702148
experiments/ppo_pilot/logs/PPO_2/events.out.tfevents.1788074794.a8077c1affad.2207.1,17152,1788074816.1423862,-8.935355186462402
experiments/ppo_pilot/logs/PPO_2/events.out.tfevents.1788074794.a8077c1affad.2207.1,17408,1788074816.6023746,-8.879064559936523
experiments/ppo_pilot/logs/PPO_2/events.out.tfevents.1788074794.a8077c1affad.2207.1,17664,1788074817.2142193,-8.710467338562012
experiments/ppo_pilot/logs/PPO_2/events.out.tfevents.1788074794.a8077c1affad.2207.1,17920,1788074817.7682638,-8.678933143615723
experiments/ppo_pilot/logs/PPO_2/events.out.tfevents.1788074794.a8077c1affad.2207.1,18176,1788074818.3868449,-8.526918411254883
experiments/ppo_pilot/logs/PPO_2/events.out.tfevents.1788074794.a8077c1affad.2207.1,18432,1788074819.0009706,-8.353740692138672
experiments/ppo_pilot/logs/PPO_2/events.out.tfevents.1788074794.a8077c1affad.2207.1,18688,1788074819.7294319,-8.258865356445312
experiments/ppo_pilot/logs/PPO_2/events.out.tfevents.1788074794.a8077c1affad.2207.1,18944,1788074820.351853,-8.117965698242188
experiments/ppo_pilot/logs/PPO_2/events.out.tfevents.1788074794.a8077c1affad.2207.1,19200,1788074821.022556,-7.987447261810303
experiments/ppo_pilot/logs/PPO_2/events.out.tfevents.1788074794.a8077c1affad.2207.1,19456,1788074821.456867,-7.767515659332275
experiments/ppo_pilot/logs/PPO_2/events.out.tfevents.1788074794.a8077c1affad.2207.1,19712,1788074821.8662477,-7.667383193969727
experiments/ppo_pilot/logs/PPO_2/events.out.tfevents.1788074794.a8077c1affad.2207.1,19968,1788074822.2672725,-7.520756721496582
experiments/ppo_pilot/logs/PPO_2/events.out.tfevents.1788074794.a8077c1affad.2207.1,20224,1788074822.675789,-7.513733386993408
experiments/ppo_pilot/logs/PPO_3/events.out.tfevents.1788133963.4b7b0f9ca5a6.1409.0,256,1788133963.9566898,-51.523277282714844
experiments/ppo_pilot/logs/PPO_3/events.out.tfevents.1788133963.4b7b0f9ca5a6.1409.0,512,1788133964.4545236,-45.91461181640625
experiments/ppo_pilot/logs/PPO_3/events.out.tfevents.1788133963.4b7b0f9ca5a6.1409.0,768,1788133964.92008,-43.50360870361328
experiments/ppo_pilot/logs/PPO_3/events.out.tfevents.1788133963.4b7b0f9ca5a6.1409.0,1024,1788133965.3629506,-45.22719192504883
experiments/ppo_pilot/logs/PPO_3/events.out.tfevents.1788133963.4b7b0f9ca5a6.1409.0,1280,1788133965.8461168,-46.65282440185547
experiments/ppo_pilot/logs/PPO_3/events.out.tfevents.1788133963.4b7b0f9ca5a6.1409.0,1536,1788133966.306417,-46.98460388183594
experiments/ppo_pilot/logs/PPO_3/events.out.tfevents.1788133963.4b7b0f9ca5a6.1409.0,1792,1788133966.7511783,-48.17605209350586
experiments/ppo_pilot/logs/PPO_3/events.out.tfevents.1788133963.4b7b0f9ca5a6.1409.0,2048,1788133967.224147,-47.3505859375
experiments/ppo_pilot/logs/PPO_3/events.out.tfevents.1788133963.4b7b0f9ca5a6.1409.0,2304,1788133967.6857803,-47.161643981933594
experiments/ppo_pilot/logs/PPO_3/events.out.tfevents.1788133963.4b7b0f9ca5a6.1409.0,2560,1788133968.1457467,-46.163665771484375
experiments/ppo_pilot/logs/PPO_3/events.out.tfevents.1788133963.4b7b0f9ca5a6.1409.0,2816,1788133968.6549158,-45.812599182128906
experiments/ppo_pilot/logs/PPO_3/events.out.tfevents.1788133963.4b7b0f9ca5a6.1409.0,3072,1788133969.302934,-45.78310012817383
experiments/ppo_pilot/logs/PPO_3/events.out.tfevents.1788133963.4b7b0f9ca5a6.1409.0,3328,1788133969.8811953,-46.02980041503906
experiments/ppo_pilot/logs/PPO_3/events.out.tfevents.1788133963.4b7b0f9ca5a6.1409.0,3584,1788133970.5411932,-45.62614059448242
experiments/ppo_pilot/logs/PPO_3/events.out.tfevents.1788133963.4b7b0f9ca5a6.1409.0,3840,1788133971.1564338,-44.988277435302734
experiments/ppo_pilot/logs/PPO_3/events.out.tfevents.1788133963.4b7b0f9ca5a6.1409.0,4096,1788133971.7554977,-43.08815383911133
experiments/ppo_pilot/logs/PPO_3/events.out.tfevents.1788133963.4b7b0f9ca5a6.1409.0,4352,1788133972.3374403,-43.05738830566406
experiments/ppo_pilot/logs/PPO_3/events.out.tfevents.1788133963.4b7b0f9ca5a6.1409.0,4608,1788133972.9851635,-43.58730697631836
experiments/ppo_pilot/logs/PPO_3/events.out.tfevents.1788133963.4b7b0f9ca5a6.1409.0,4864,1788133973.616571,-43.17707824707031
experiments/ppo_pilot/logs/PPO_3/events.out.tfevents.1788133963.4b7b0f9ca5a6.1409.0,5120,1788133974.0611787,-42.5480842590332
experiments/ppo_pilot/logs/PPO_3/events.out.tfevents.1788133975.4b7b0f9ca5a6.1409.1,5376,1788133975.48269,-41.95002365112305
experiments/ppo_pilot/logs/PPO_3/events.out.tfevents.1788133975.4b7b0f9ca5a6.1409.1,5632,1788133975.9644132,-41.21846389770508
experiments/ppo_pilot/logs/PPO_3/events.out.tfevents.1788133975.4b7b0f9ca5a6.1409.1,5888,1788133976.4308867,-40.182865142822266
experiments/ppo_pilot/logs/PPO_3/events.out.tfevents.1788133975.4b7b0f9ca5a6.1409.1,6144,1788133976.8921294,-40.1068115234375
experiments/ppo_pilot/logs/PPO_3/events.out.tfevents.1788133975.4b7b0f9ca5a6.1409.1,6400,1788133977.3263023,-39.84518051147461
experiments/ppo_pilot/logs/PPO_3/events.out.tfevents.1788133975.4b7b0f9ca5a6.1409.1,6656,1788133977.7816327,-39.95067596435547
experiments/ppo_pilot/logs/PPO_3/events.out.tfevents.1788133975.4b7b0f9ca5a6.1409.1,6912,1788133978.2185733,-38.38031005859375
experiments/ppo_pilot/logs/PPO_3/events.out.tfevents.1788133975.4b7b0f9ca5a6.1409.1,7168,1788133978.6723468,-38.021854400634766
experiments/ppo_pilot/logs/PPO_3/events.out.tfevents.1788133975.4b7b0f9ca5a6.1409.1,7424,1788133979.1558573,-36.95252990722656
experiments/ppo_pilot/logs/PPO_3/events.out.tfevents.1788133975.4b7b0f9ca5a6.1409.1,7680,1788133979.6028464,-37.14854049682617
experiments/ppo_pilot/logs/PPO_3/events.out.tfevents.1788133975.4b7b0f9ca5a6.1409.1,7936,1788133980.0771534,-36.75539779663086
experiments/ppo_pilot/logs/PPO_3/events.out.tfevents.1788133975.4b7b0f9ca5a6.1409.1,8192,1788133980.513078,-37.199798583984375
experiments/ppo_pilot/logs/PPO_3/events.out.tfevents.1788133975.4b7b0f9ca5a6.1409.1,8448,1788133980.9654386,-36.997989654541016
experiments/ppo_pilot/logs/PPO_3/events.out.tfevents.1788133975.4b7b0f9ca5a6.1409.1,8704,1788133981.4010813,-35.74649429321289
experiments/ppo_pilot/logs/PPO_3/events.out.tfevents.1788133975.4b7b0f9ca5a6.1409.1,8960,1788133981.8595169,-35.465248107910156
experiments/ppo_pilot/logs/PPO_3/events.out.tfevents.1788133975.4b7b0f9ca5a6.1409.1,9216,1788133982.3009243,-34.33695602416992
experiments/ppo_pilot/logs/PPO_3/events.out.tfevents.1788133975.4b7b0f9ca5a6.1409.1,9472,1788133982.7455926,-34.2609748840332
experiments/ppo_pilot/logs/PPO_3/events.out.tfevents.1788133975.4b7b0f9ca5a6.1409.1,9728,1788133983.2231762,-34.02956771850586
experiments/ppo_pilot/logs/PPO_3/events.out.tfevents.1788133975.4b7b0f9ca5a6.1409.1,9984,1788133983.7318552,-33.218955993652344
experiments/ppo_pilot/logs/PPO_3/events.out.tfevents.1788133975.4b7b0f9ca5a6.1409.1,10240,1788133984.4013453,-32.08374786376953
experiments/ppo_pilot/logs/PPO_3/events.out.tfevents.1788133975.4b7b0f9ca5a6.1409.1,10496,1788133984.9989645,-30.874267578125
experiments/ppo_pilot/logs/PPO_3/events.out.tfevents.1788133975.4b7b0f9ca5a6.1409.1,10752,1788133985.6805942,-29.671451568603516
experiments/ppo_pilot/logs/PPO_3/events.out.tfevents.1788133975.4b7b0f9ca5a6.1409.1,11008,1788133986.3053396,-28.70722770690918
experiments/ppo_pilot/logs/PPO_3/events.out.tfevents.1788133975.4b7b0f9ca5a6.1409.1,11264,1788133986.9051516,-27.90504264831543
experiments/ppo_pilot/logs/PPO_3/events.out.tfevents.1788133975.4b7b0f9ca5a6.1409.1,11520,1788133987.5398493,-27.200607299804688
experiments/ppo_pilot/logs/PPO_3/events.out.tfevents.1788133975.4b7b0f9ca5a6.1409.1,11776,1788133988.2085993,-25.807422637939453
experiments/ppo_pilot/logs/PPO_3/events.out.tfevents.1788133975.4b7b0f9ca5a6.1409.1,12032,1788133988.7625525,-24.17072105407715
experiments/ppo_pilot/logs/PPO_3/events.out.tfevents.1788133975.4b7b0f9ca5a6.1409.1,12288,1788133989.2303002,-23.210708618164062
experiments/ppo_pilot/logs/PPO_3/events.out.tfevents.1788133975.4b7b0f9ca5a6.1409.1,12544,1788133989.6932395,-21.87186050415039
experiments/ppo_pilot/logs/PPO_3/events.out.tfevents.1788133975.4b7b0f9ca5a6.1409.1,12800,1788133990.149871,-20.239444732666016
experiments/ppo_pilot/logs/PPO_3/events.out.tfevents.1788133975.4b7b0f9ca5a6.1409.1,13056,1788133990.6259873,-19.150781631469727
experiments/ppo_pilot/logs/PPO_3/events.out.tfevents.1788133975.4b7b0f9ca5a6.1409.1,13312,1788133991.0650973,-18.00650978088379
experiments/ppo_pilot/logs/PPO_3/events.out.tfevents.1788133975.4b7b0f9ca5a6.1409.1,13568,1788133991.5406032,-16.98683738708496
experiments/ppo_pilot/logs/PPO_3/events.out.tfevents.1788133975.4b7b0f9ca5a6.1409.1,13824,1788133991.9922678,-15.7474946975708
experiments/ppo_pilot/logs/PPO_3/events.out.tfevents.1788133975.4b7b0f9ca5a6.1409.1,14080,1788133992.4592876,-14.637959480285645
experiments/ppo_pilot/logs/PPO_3/events.out.tfevents.1788133975.4b7b0f9ca5a6.1409.1,14336,1788133992.92898,-13.966054916381836
experiments/ppo_pilot/logs/PPO_3/events.out.tfevents.1788133975.4b7b0f9ca5a6.1409.1,14592,1788133993.3834257,-13.192527770996094
experiments/ppo_pilot/logs/PPO_3/events.out.tfevents.1788133975.4b7b0f9ca5a6.1409.1,14848,1788133993.8414216,-12.6373929977417
experiments/ppo_pilot/logs/PPO_3/events.out.tfevents.1788133975.4b7b0f9ca5a6.1409.1,15104,1788133994.284822,-11.979352951049805
experiments/ppo_pilot/logs/PPO_3/events.out.tfevents.1788133975.4b7b0f9ca5a6.1409.1,15360,1788133994.764548,-11.330713272094727
experiments/ppo_pilot/logs/PPO_3/events.out.tfevents.1788133975.4b7b0f9ca5a6.1409.1,15616,1788133995.2152944,-10.80859661102295
experiments/ppo_pilot/logs/PPO_3/events.out.tfevents.1788133975.4b7b0f9ca5a6.1409.1,15872,1788133995.6669407,-10.139846801757812
experiments/ppo_pilot/logs/PPO_3/events.out.tfevents.1788133975.4b7b0f9ca5a6.1409.1,16128,1788133996.1520755,-9.87537956237793
experiments/ppo_pilot/logs/PPO_3/events.out.tfevents.1788133975.4b7b0f9ca5a6.1409.1,16384,1788133996.590416,-9.568904876708984
experiments/ppo_pilot/logs/PPO_3/events.out.tfevents.1788133975.4b7b0f9ca5a6.1409.1,16640,1788133997.0970478,-9.2379732131958
experiments/ppo_pilot/logs/PPO_3/events.out.tfevents.1788133975.4b7b0f9ca5a6.1409.1,16896,1788133997.5540903,-9.028387069702148
experiments/ppo_pilot/logs/PPO_3/events.out.tfevents.1788133975.4b7b0f9ca5a6.1409.1,17152,1788133998.0161555,-8.935355186462402
experiments/ppo_pilot/logs/PPO_3/events.out.tfevents.1788133975.4b7b0f9ca5a6.1409.1,17408,1788133998.4876895,-8.879064559936523
experiments/ppo_pilot/logs/PPO_3/events.out.tfevents.1788133975.4b7b0f9ca5a6.1409.1,17664,1788133999.1455333,-8.710467338562012
experiments/ppo_pilot/logs/PPO_3/events.out.tfevents.1788133975.4b7b0f9ca5a6.1409.1,17920,1788133999.7159164,-8.678933143615723
experiments/ppo_pilot/logs/PPO_3/events.out.tfevents.1788133975.4b7b0f9ca5a6.1409.1,18176,1788134000.3158927,-8.526918411254883
experiments/ppo_pilot/logs/PPO_3/events.out.tfevents.1788133975.4b7b0f9ca5a6.1409.1,18432,1788134000.9685898,-8.353740692138672
experiments/ppo_pilot/logs/PPO_3/events.out.tfevents.1788133975.4b7b0f9ca5a6.1409.1,18688,1788134001.6194835,-8.258865356445312
experiments/ppo_pilot/logs/PPO_3/events.out.tfevents.1788133975.4b7b0f9ca5a6.1409.1,18944,1788134002.243494,-8.117965698242188
experiments/ppo_pilot/logs/PPO_3/events.out.tfevents.1788133975.4b7b0f9ca5a6.1409.1,19200,1788134002.8739066,-7.987447261810303
experiments/ppo_pilot/logs/PPO_3/events.out.tfevents.1788133975.4b7b0f9ca5a6.1409.1,19456,1788134003.489522,-7.767515659332275
experiments/ppo_pilot/logs/PPO_3/events.out.tfevents.1788133975.4b7b0f9ca5a6.1409.1,19712,1788134003.9546533,-7.667383193969727
experiments/ppo_pilot/logs/PPO_3/events.out.tfevents.1788133975.4b7b0f9ca5a6.1409.1,19968,1788134004.4162903,-7.520756721496582
experiments/ppo_pilot/logs/PPO_3/events.out.tfevents.1788133975.4b7b0f9ca5a6.1409.1,20224,1788134004.9012194,-7.513733386993408
experiments/ppo_pilot/logs/PPO_4/events.out.tfevents.1788158058.2049521f3e22.905.0,256,1788158060.8670108,-51.523277282714844
experiments/ppo_pilot/logs/PPO_4/events.out.tfevents.1788158058.2049521f3e22.905.0,512,1788158062.8680856,-45.91461181640625
experiments/ppo_pilot/logs/PPO_4/events.out.tfevents.1788158058.2049521f3e22.905.0,768,1788158065.0505047,-43.50360870361328
experiments/ppo_pilot/logs/PPO_4/events.out.tfevents.1788158058.2049521f3e22.905.0,1024,1788158066.1184113,-45.22719192504883
experiments/ppo_pilot/logs/PPO_4/events.out.tfevents.1788158058.2049521f3e22.905.0,1280,1788158066.6050465,-46.65282440185547
experiments/ppo_pilot/logs/PPO_4/events.out.tfevents.1788158058.2049521f3e22.905.0,1536,1788158067.1004522,-46.98460388183594
experiments/ppo_pilot/logs/PPO_4/events.out.tfevents.1788158058.2049521f3e22.905.0,1792,1788158067.5716052,-48.17605209350586
experiments/ppo_pilot/logs/PPO_4/events.out.tfevents.1788158058.2049521f3e22.905.0,2048,1788158068.0198019,-47.3505859375
experiments/ppo_pilot/logs/PPO_4/events.out.tfevents.1788158058.2049521f3e22.905.0,2304,1788158068.4739518,-47.161643981933594
experiments/ppo_pilot/logs/PPO_4/events.out.tfevents.1788158058.2049521f3e22.905.0,2560,1788158068.9305706,-46.163665771484375
experiments/ppo_pilot/logs/PPO_4/events.out.tfevents.1788158058.2049521f3e22.905.0,2816,1788158069.394522,-45.812599182128906
experiments/ppo_pilot/logs/PPO_4/events.out.tfevents.1788158058.2049521f3e22.905.0,3072,1788158069.8727295,-45.78310012817383
experiments/ppo_pilot/logs/PPO_4/events.out.tfevents.1788158058.2049521f3e22.905.0,3328,1788158070.3310132,-46.02980041503906
experiments/ppo_pilot/logs/PPO_4/events.out.tfevents.1788158058.2049521f3e22.905.0,3584,1788158070.7953367,-45.62614059448242
experiments/ppo_pilot/logs/PPO_4/events.out.tfevents.1788158058.2049521f3e22.905.0,3840,1788158071.2450116,-44.988277435302734
experiments/ppo_pilot/logs/PPO_4/events.out.tfevents.1788158058.2049521f3e22.905.0,4096,1788158071.746589,-43.08815383911133
experiments/ppo_pilot/logs/PPO_4/events.out.tfevents.1788158058.2049521f3e22.905.0,4352,1788158072.2104118,-43.05738830566406
experiments/ppo_pilot/logs/PPO_4/events.out.tfevents.1788158058.2049521f3e22.905.0,4608,1788158072.691363,-43.58730697631836
experiments/ppo_pilot/logs/PPO_4/events.out.tfevents.1788158058.2049521f3e22.905.0,4864,1788158073.2670102,-43.17707824707031
experiments/ppo_pilot/logs/PPO_4/events.out.tfevents.1788158058.2049521f3e22.905.0,5120,1788158073.98257,-42.5480842590332
experiments/ppo_pilot/logs/PPO_4/events.out.tfevents.1788158075.2049521f3e22.905.1,5376,1788158076.319401,-41.95002365112305
experiments/ppo_pilot/logs/PPO_4/events.out.tfevents.1788158075.2049521f3e22.905.1,5632,1788158077.1201396,-41.21846389770508
experiments/ppo_pilot/logs/PPO_4/events.out.tfevents.1788158075.2049521f3e22.905.1,5888,1788158077.760076,-40.182865142822266
experiments/ppo_pilot/logs/PPO_4/events.out.tfevents.1788158075.2049521f3e22.905.1,6144,1788158078.3042865,-40.1068115234375
experiments/ppo_pilot/logs/PPO_4/events.out.tfevents.1788158075.2049521f3e22.905.1,6400,1788158078.760252,-39.84518051147461
experiments/ppo_pilot/logs/PPO_4/events.out.tfevents.1788158075.2049521f3e22.905.1,6656,1788158079.2594154,-39.95067596435547
experiments/ppo_pilot/logs/PPO_4/events.out.tfevents.1788158075.2049521f3e22.905.1,6912,1788158079.7522905,-38.38031005859375
experiments/ppo_pilot/logs/PPO_4/events.out.tfevents.1788158075.2049521f3e22.905.1,7168,1788158080.2204523,-38.021854400634766
experiments/ppo_pilot/logs/PPO_4/events.out.tfevents.1788158075.2049521f3e22.905.1,7424,1788158080.6685197,-36.95252990722656
experiments/ppo_pilot/logs/PPO_4/events.out.tfevents.1788158075.2049521f3e22.905.1,7680,1788158081.132241,-37.14854049682617
experiments/ppo_pilot/logs/PPO_4/events.out.tfevents.1788158075.2049521f3e22.905.1,7936,1788158081.5678132,-36.75539779663086
experiments/ppo_pilot/logs/PPO_4/events.out.tfevents.1788158075.2049521f3e22.905.1,8192,1788158082.025792,-37.199798583984375
experiments/ppo_pilot/logs/PPO_4/events.out.tfevents.1788158075.2049521f3e22.905.1,8448,1788158082.4754434,-36.997989654541016
experiments/ppo_pilot/logs/PPO_4/events.out.tfevents.1788158075.2049521f3e22.905.1,8704,1788158082.9514804,-35.74649429321289
experiments/ppo_pilot/logs/PPO_4/events.out.tfevents.1788158075.2049521f3e22.905.1,8960,1788158083.4234233,-35.465248107910156
experiments/ppo_pilot/logs/PPO_4/events.out.tfevents.1788158075.2049521f3e22.905.1,9216,1788158083.8615568,-34.33695602416992
experiments/ppo_pilot/logs/PPO_4/events.out.tfevents.1788158075.2049521f3e22.905.1,9472,1788158084.3321588,-34.2609748840332
experiments/ppo_pilot/logs/PPO_4/events.out.tfevents.1788158075.2049521f3e22.905.1,9728,1788158084.778039,-34.02956771850586
experiments/ppo_pilot/logs/PPO_4/events.out.tfevents.1788158075.2049521f3e22.905.1,9984,1788158085.3108683,-33.218955993652344
experiments/ppo_pilot/logs/PPO_4/events.out.tfevents.1788158075.2049521f3e22.905.1,10240,1788158085.775815,-32.08374786376953
experiments/ppo_pilot/logs/PPO_4/events.out.tfevents.1788158075.2049521f3e22.905.1,10496,1788158086.2167437,-30.874267578125
experiments/ppo_pilot/logs/PPO_4/events.out.tfevents.1788158075.2049521f3e22.905.1,10752,1788158086.686325,-29.671451568603516
experiments/ppo_pilot/logs/PPO_4/events.out.tfevents.1788158075.2049521f3e22.905.1,11008,1788158087.1694162,-28.70722770690918
experiments/ppo_pilot/logs/PPO_4/events.out.tfevents.1788158075.2049521f3e22.905.1,11264,1788158087.7227771,-27.90504264831543
experiments/ppo_pilot/logs/PPO_4/events.out.tfevents.1788158075.2049521f3e22.905.1,11520,1788158088.3965695,-27.200607299804688
experiments/ppo_pilot/logs/PPO_4/events.out.tfevents.1788158075.2049521f3e22.905.1,11776,1788158089.0306473,-25.807422637939453
experiments/ppo_pilot/logs/PPO_4/events.out.tfevents.1788158075.2049521f3e22.905.1,12032,1788158089.769183,-24.17072105407715
experiments/ppo_pilot/logs/PPO_4/events.out.tfevents.1788158075.2049521f3e22.905.1,12288,1788158090.4094932,-23.210708618164062
experiments/ppo_pilot/logs/PPO_4/events.out.tfevents.1788158075.2049521f3e22.905.1,12544,1788158091.0763516,-21.87186050415039
experiments/ppo_pilot/logs/PPO_4/events.out.tfevents.1788158075.2049521f3e22.905.1,12800,1788158091.7950845,-20.239444732666016
experiments/ppo_pilot/logs/PPO_4/events.out.tfevents.1788158075.2049521f3e22.905.1,13056,1788158092.5233788,-19.150781631469727
experiments/ppo_pilot/logs/PPO_4/events.out.tfevents.1788158075.2049521f3e22.905.1,13312,1788158093.011023,-18.00650978088379
experiments/ppo_pilot/logs/PPO_4/events.out.tfevents.1788158075.2049521f3e22.905.1,13568,1788158093.475089,-16.98683738708496
experiments/ppo_pilot/logs/PPO_4/events.out.tfevents.1788158075.2049521f3e22.905.1,13824,1788158093.9693236,-15.7474946975708
experiments/ppo_pilot/logs/PPO_4/events.out.tfevents.1788158075.2049521f3e22.905.1,14080,1788158094.4397237,-14.637959480285645
experiments/ppo_pilot/logs/PPO_4/events.out.tfevents.1788158075.2049521f3e22.905.1,14336,1788158094.916162,-13.966054916381836
experiments/ppo_pilot/logs/PPO_4/events.out.tfevents.1788158075.2049521f3e22.905.1,14592,1788158095.42325,-13.192527770996094
experiments/ppo_pilot/logs/PPO_4/events.out.tfevents.1788158075.2049521f3e22.905.1,14848,1788158095.9053867,-12.6373929977417
experiments/ppo_pilot/logs/PPO_4/events.out.tfevents.1788158075.2049521f3e22.905.1,15104,1788158096.373981,-11.979352951049805
experiments/ppo_pilot/logs/PPO_4/events.out.tfevents.1788158075.2049521f3e22.905.1,15360,1788158096.873464,-11.330713272094727
experiments/ppo_pilot/logs/PPO_4/events.out.tfevents.1788158075.2049521f3e22.905.1,15616,1788158097.3267615,-10.80859661102295
experiments/ppo_pilot/logs/PPO_4/events.out.tfevents.1788158075.2049521f3e22.905.1,15872,1788158097.7847738,-10.139846801757812
experiments/ppo_pilot/logs/PPO_4/events.out.tfevents.1788158075.2049521f3e22.905.1,16128,1788158098.253911,-9.87537956237793
experiments/ppo_pilot/logs/PPO_4/events.out.tfevents.1788158075.2049521f3e22.905.1,16384,1788158098.7274702,-9.568904876708984
experiments/ppo_pilot/logs/PPO_4/events.out.tfevents.1788158075.2049521f3e22.905.1,16640,1788158099.1995869,-9.2379732131958
experiments/ppo_pilot/logs/PPO_4/events.out.tfevents.1788158075.2049521f3e22.905.1,16896,1788158099.6601415,-9.028387069702148
experiments/ppo_pilot/logs/PPO_4/events.out.tfevents.1788158075.2049521f3e22.905.1,17152,1788158100.1401656,-8.935355186462402
experiments/ppo_pilot/logs/PPO_4/events.out.tfevents.1788158075.2049521f3e22.905.1,17408,1788158100.5863478,-8.879064559936523
experiments/ppo_pilot/logs/PPO_4/events.out.tfevents.1788158075.2049521f3e22.905.1,17664,1788158101.049545,-8.710467338562012
experiments/ppo_pilot/logs/PPO_4/events.out.tfevents.1788158075.2049521f3e22.905.1,17920,1788158101.565394,-8.678933143615723
experiments/ppo_pilot/logs/PPO_4/events.out.tfevents.1788158075.2049521f3e22.905.1,18176,1788158102.0981803,-8.526918411254883
experiments/ppo_pilot/logs/PPO_4/events.out.tfevents.1788158075.2049521f3e22.905.1,18432,1788158102.7614212,-8.353740692138672
experiments/ppo_pilot/logs/PPO_4/events.out.tfevents.1788158075.2049521f3e22.905.1,18688,1788158103.4773622,-8.258865356445312
experiments/ppo_pilot/logs/PPO_4/events.out.tfevents.1788158075.2049521f3e22.905.1,18944,1788158104.2419095,-8.117965698242188
experiments/ppo_pilot/logs/PPO_4/events.out.tfevents.1788158075.2049521f3e22.905.1,19200,1788158104.908725,-7.987447261810303
experiments/ppo_pilot/logs/PPO_4/events.out.tfevents.1788158075.2049521f3e22.905.1,19456,1788158105.6225493,-7.767515659332275
experiments/ppo_pilot/logs/PPO_4/events.out.tfevents.1788158075.2049521f3e22.905.1,19712,1788158106.2699814,-7.667383193969727
experiments/ppo_pilot/logs/PPO_4/events.out.tfevents.1788158075.2049521f3e22.905.1,19968,1788158106.9772577,-7.520756721496582
experiments/ppo_pilot/logs/PPO_4/events.out.tfevents.1788158075.2049521f3e22.905.1,20224,1788158107.5570545,-7.513733386993408
experiments/ppo_pilot/logs/PPO_5/events.out.tfevents.1788161105.2ccb1d4d58e0.572.0,256,1788161106.0431201,-64.67251586914062
experiments/ppo_pilot/logs/PPO_5/events.out.tfevents.1788161105.2ccb1d4d58e0.572.0,512,1788161107.3354764,-62.25133514404297
experiments/ppo_pilot/logs/PPO_5/events.out.tfevents.1788161105.2ccb1d4d58e0.572.0,768,1788161108.0186412,-54.32540512084961
experiments/ppo_pilot/logs/PPO_5/events.out.tfevents.1788161105.2ccb1d4d58e0.572.0,1024,1788161108.7105818,-53.13642501831055
experiments/ppo_pilot/logs/PPO_5/events.out.tfevents.1788161105.2ccb1d4d58e0.572.0,1280,1788161109.4003909,-50.32978057861328
experiments/ppo_pilot/logs/PPO_5/events.out.tfevents.1788161105.2ccb1d4d58e0.572.0,1536,1788161110.0810435,-48.85757064819336
experiments/ppo_pilot/logs/PPO_5/events.out.tfevents.1788161105.2ccb1d4d58e0.572.0,1792,1788161110.7985027,-46.90595245361328
experiments/ppo_pilot/logs/PPO_5/events.out.tfevents.1788161105.2ccb1d4d58e0.572.0,2048,1788161111.4493196,-46.09432601928711
experiments/ppo_pilot/logs/PPO_5/events.out.tfevents.1788161105.2ccb1d4d58e0.572.0,2304,1788161112.1567101,-46.59182357788086
experiments/ppo_pilot/logs/PPO_5/events.out.tfevents.1788161105.2ccb1d4d58e0.572.0,2560,1788161112.8590033,-45.382205963134766
experiments/ppo_pilot/logs/PPO_5/events.out.tfevents.1788161105.2ccb1d4d58e0.572.0,2816,1788161114.0030286,-44.91838073730469
experiments/ppo_pilot/logs/PPO_5/events.out.tfevents.1788161105.2ccb1d4d58e0.572.0,3072,1788161114.8454478,-43.92649459838867
experiments/ppo_pilot/logs/PPO_5/events.out.tfevents.1788161105.2ccb1d4d58e0.572.0,3328,1788161115.9140327,-43.637664794921875
experiments/ppo_pilot/logs/PPO_5/events.out.tfevents.1788161105.2ccb1d4d58e0.572.0,3584,1788161116.8328292,-43.833091735839844
experiments/ppo_pilot/logs/PPO_5/events.out.tfevents.1788161105.2ccb1d4d58e0.572.0,3840,1788161117.693439,-43.336082458496094
experiments/ppo_pilot/logs/PPO_5/events.out.tfevents.1788161105.2ccb1d4d58e0.572.0,4096,1788161118.5665805,-43.85420227050781
experiments/ppo_pilot/logs/PPO_5/events.out.tfevents.1788161105.2ccb1d4d58e0.572.0,4352,1788161119.4480338,-43.57756805419922
experiments/ppo_pilot/logs/PPO_5/events.out.tfevents.1788161105.2ccb1d4d58e0.572.0,4608,1788161120.1265864,-41.78341293334961
experiments/ppo_pilot/logs/PPO_5/events.out.tfevents.1788161105.2ccb1d4d58e0.572.0,4864,1788161120.7822113,-41.53836441040039
experiments/ppo_pilot/logs/PPO_5/events.out.tfevents.1788161105.2ccb1d4d58e0.572.0,5120,1788161121.4723556,-41.14958190917969
experiments/ppo_pilot/logs/PPO_6/events.out.tfevents.1788161135.2ccb1d4d58e0.572.1,256,1788161136.180936,-64.67251586914062
experiments/ppo_pilot/logs/PPO_6/events.out.tfevents.1788161135.2ccb1d4d58e0.572.1,512,1788161137.0208147,-62.25133514404297
experiments/ppo_pilot/logs/PPO_6/events.out.tfevents.1788161135.2ccb1d4d58e0.572.1,768,1788161137.697845,-54.32540512084961
experiments/ppo_pilot/logs/PPO_6/events.out.tfevents.1788161135.2ccb1d4d58e0.572.1,1024,1788161138.3897946,-53.13642501831055
experiments/ppo_pilot/logs/PPO_6/events.out.tfevents.1788161135.2ccb1d4d58e0.572.1,1280,1788161139.0719132,-50.32978057861328
experiments/ppo_pilot/logs/PPO_6/events.out.tfevents.1788161135.2ccb1d4d58e0.572.1,1536,1788161139.9102972,-48.85757064819336
experiments/ppo_pilot/logs/PPO_6/events.out.tfevents.1788161135.2ccb1d4d58e0.572.1,1792,1788161140.616409,-46.90595245361328
experiments/ppo_pilot/logs/PPO_6/events.out.tfevents.1788161135.2ccb1d4d58e0.572.1,2048,1788161141.7860584,-46.09432601928711
experiments/ppo_pilot/logs/PPO_6/events.out.tfevents.1788161135.2ccb1d4d58e0.572.1,2304,1788161143.715653,-46.59182357788086
experiments/ppo_pilot/logs/PPO_6/events.out.tfevents.1788161135.2ccb1d4d58e0.572.1,2560,1788161146.477962,-45.382205963134766
experiments/ppo_pilot/logs/PPO_6/events.out.tfevents.1788161135.2ccb1d4d58e0.572.1,2816,1788161148.9933834,-44.91838073730469
experiments/ppo_pilot/logs/PPO_6/events.out.tfevents.1788161135.2ccb1d4d58e0.572.1,3072,1788161150.8275456,-43.92649459838867
experiments/ppo_pilot/logs/PPO_6/events.out.tfevents.1788161135.2ccb1d4d58e0.572.1,3328,1788161152.4943643,-43.637664794921875
experiments/ppo_pilot/logs/PPO_6/events.out.tfevents.1788161135.2ccb1d4d58e0.572.1,3584,1788161153.9621277,-43.833091735839844
experiments/ppo_pilot/logs/PPO_6/events.out.tfevents.1788161135.2ccb1d4d58e0.572.1,3840,1788161154.6524544,-43.336082458496094
experiments/ppo_pilot/logs/PPO_6/events.out.tfevents.1788161135.2ccb1d4d58e0.572.1,4096,1788161155.3308916,-43.85420227050781
experiments/ppo_pilot/logs/PPO_6/events.out.tfevents.1788161135.2ccb1d4d58e0.572.1,4352,1788161156.0056422,-43.57756805419922
experiments/ppo_pilot/logs/PPO_6/events.out.tfevents.1788161135.2ccb1d4d58e0.572.1,4608,1788161156.6917267,-41.78341293334961
experiments/ppo_pilot/logs/PPO_6/events.out.tfevents.1788161135.2ccb1d4d58e0.572.1,4864,1788161157.3810902,-41.53836441040039
experiments/ppo_pilot/logs/PPO_6/events.out.tfevents.1788161135.2ccb1d4d58e0.572.1,5120,1788161158.0700278,-41.14958190917969
experiments/ppo_pilot/logs/PPO_6/events.out.tfevents.1788161159.2ccb1d4d58e0.572.2,5376,1788161160.0060728,-41.699737548828125
experiments/ppo_pilot/logs/PPO_6/events.out.tfevents.1788161159.2ccb1d4d58e0.572.2,5632,1788161160.8967001,-40.86918640136719
experiments/ppo_pilot/logs/PPO_6/events.out.tfevents.1788161159.2ccb1d4d58e0.572.2,5888,1788161161.815476,-39.61048126220703
experiments/ppo_pilot/logs/PPO_6/events.out.tfevents.1788161159.2ccb1d4d58e0.572.2,6144,1788161162.6681733,-41.059959411621094
experiments/ppo_pilot/logs/PPO_6/events.out.tfevents.1788161159.2ccb1d4d58e0.572.2,6400,1788161163.5612586,-40.96433639526367
experiments/ppo_pilot/logs/PPO_6/events.out.tfevents.1788161159.2ccb1d4d58e0.572.2,6656,1788161164.3869982,-41.105098724365234
experiments/ppo_pilot/logs/PPO_6/events.out.tfevents.1788161159.2ccb1d4d58e0.572.2,6912,1788161165.0731454,-40.429176330566406
experiments/ppo_pilot/logs/PPO_6/events.out.tfevents.1788161159.2ccb1d4d58e0.572.2,7168,1788161165.9240625,-39.486045837402344
experiments/ppo_pilot/logs/PPO_6/events.out.tfevents.1788161159.2ccb1d4d58e0.572.2,7424,1788161166.5953903,-38.36131286621094
experiments/ppo_pilot/logs/PPO_6/events.out.tfevents.1788161159.2ccb1d4d58e0.572.2,7680,1788161167.3828928,-37.63280487060547
experiments/ppo_pilot/logs/PPO_6/events.out.tfevents.1788161159.2ccb1d4d58e0.572.2,7936,1788161169.0286973,-36.78010177612305
experiments/ppo_pilot/logs/PPO_6/events.out.tfevents.1788161159.2ccb1d4d58e0.572.2,8192,1788161170.6724582,-36.65966796875
experiments/ppo_pilot/logs/PPO_6/events.out.tfevents.1788161159.2ccb1d4d58e0.572.2,8448,1788161172.2173097,-35.61991500854492
experiments/ppo_pilot/logs/PPO_6/events.out.tfevents.1788161159.2ccb1d4d58e0.572.2,8704,1788161173.7755458,-34.1148567199707
experiments/ppo_pilot/logs/PPO_6/events.out.tfevents.1788161159.2ccb1d4d58e0.572.2,8960,1788161175.9851465,-33.28157043457031
experiments/ppo_pilot/logs/PPO_6/events.out.tfevents.1788161159.2ccb1d4d58e0.572.2,9216,1788161179.129959,-33.897945404052734
experiments/ppo_pilot/logs/PPO_6/events.out.tfevents.1788161159.2ccb1d4d58e0.572.2,9472,1788161180.8211675,-33.7448844909668
experiments/ppo_pilot/logs/PPO_6/events.out.tfevents.1788161159.2ccb1d4d58e0.572.2,9728,1788161181.5114262,-33.86182403564453
experiments/ppo_pilot/logs/PPO_6/events.out.tfevents.1788161159.2ccb1d4d58e0.572.2,9984,1788161182.1771624,-32.811676025390625
experiments/ppo_pilot/logs/PPO_6/events.out.tfevents.1788161159.2ccb1d4d58e0.572.2,10240,1788161182.8428128,-33.0500373840332
experiments/ppo_pilot/logs/PPO_6/events.out.tfevents.1788161159.2ccb1d4d58e0.572.2,10496,1788161183.528803,-31.939563751220703
experiments/ppo_pilot/logs/PPO_6/events.out.tfevents.1788161159.2ccb1d4d58e0.572.2,10752,1788161184.2104218,-30.62653350830078
experiments/ppo_pilot/logs/PPO_6/events.out.tfevents.1788161159.2ccb1d4d58e0.572.2,11008,1788161184.877144,-30.0312557220459
experiments/ppo_pilot/logs/PPO_6/events.out.tfevents.1788161159.2ccb1d4d58e0.572.2,11264,1788161185.5589051,-29.402400970458984
experiments/ppo_pilot/logs/PPO_6/events.out.tfevents.1788161159.2ccb1d4d58e0.572.2,11520,1788161186.2318919,-27.999622344970703
experiments/ppo_pilot/logs/PPO_6/events.out.tfevents.1788161159.2ccb1d4d58e0.572.2,11776,1788161186.9477355,-27.648799896240234
experiments/ppo_pilot/logs/PPO_6/events.out.tfevents.1788161159.2ccb1d4d58e0.572.2,12032,1788161187.6282473,-25.854639053344727
experiments/ppo_pilot/logs/PPO_6/events.out.tfevents.1788161159.2ccb1d4d58e0.572.2,12288,1788161188.29915,-25.1163330078125
experiments/ppo_pilot/logs/PPO_6/events.out.tfevents.1788161159.2ccb1d4d58e0.572.2,12544,1788161188.966916,-23.376426696777344
experiments/ppo_pilot/logs/PPO_6/events.out.tfevents.1788161159.2ccb1d4d58e0.572.2,12800,1788161189.6411908,-22.072559356689453
experiments/ppo_pilot/logs/PPO_6/events.out.tfevents.1788161159.2ccb1d4d58e0.572.2,13056,1788161190.3188972,-21.015926361083984
experiments/ppo_pilot/logs/PPO_6/events.out.tfevents.1788161159.2ccb1d4d58e0.572.2,13312,1788161191.1648486,-20.320594787597656
experiments/ppo_pilot/logs/PPO_6/events.out.tfevents.1788161159.2ccb1d4d58e0.572.2,13568,1788161192.0541852,-19.50853157043457
experiments/ppo_pilot/logs/PPO_6/events.out.tfevents.1788161159.2ccb1d4d58e0.572.2,13824,1788161192.9785132,-18.462766647338867
experiments/ppo_pilot/logs/PPO_6/events.out.tfevents.1788161159.2ccb1d4d58e0.572.2,14080,1788161193.8345833,-17.532419204711914
experiments/ppo_pilot/logs/PPO_6/events.out.tfevents.1788161159.2ccb1d4d58e0.572.2,14336,1788161194.8029454,-17.015182495117188
experiments/ppo_pilot/logs/PPO_6/events.out.tfevents.1788161159.2ccb1d4d58e0.572.2,14592,1788161195.4727938,-16.388748168945312
experiments/ppo_pilot/logs/PPO_6/events.out.tfevents.1788161159.2ccb1d4d58e0.572.2,14848,1788161196.143984,-15.5467529296875
experiments/ppo_pilot/logs/PPO_6/events.out.tfevents.1788161159.2ccb1d4d58e0.572.2,15104,1788161196.8314066,-14.754277229309082
experiments/ppo_pilot/logs/PPO_6/events.out.tfevents.1788161159.2ccb1d4d58e0.572.2,15360,1788161197.4809303,-14.067671775817871
experiments/ppo_pilot/logs/PPO_6/events.out.tfevents.1788161159.2ccb1d4d58e0.572.2,15616,1788161198.179219,-13.369339942932129
experiments/ppo_pilot/logs/PPO_6/events.out.tfevents.1788161159.2ccb1d4d58e0.572.2,15872,1788161198.8487692,-12.73508071899414
experiments/ppo_pilot/logs/PPO_6/events.out.tfevents.1788161159.2ccb1d4d58e0.572.2,16128,1788161199.5197756,-11.935362815856934
experiments/ppo_pilot/logs/PPO_6/events.out.tfevents.1788161159.2ccb1d4d58e0.572.2,16384,1788161200.198891,-11.410663604736328
experiments/ppo_pilot/logs/PPO_6/events.out.tfevents.1788161159.2ccb1d4d58e0.572.2,16640,1788161200.8778496,-10.907599449157715
experiments/ppo_pilot/logs/PPO_6/events.out.tfevents.1788161159.2ccb1d4d58e0.572.2,16896,1788161201.540396,-10.584999084472656
experiments/ppo_pilot/logs/PPO_6/events.out.tfevents.1788161159.2ccb1d4d58e0.572.2,17152,1788161202.2151563,-10.306971549987793
experiments/ppo_pilot/logs/PPO_6/events.out.tfevents.1788161159.2ccb1d4d58e0.572.2,17408,1788161202.876146,-10.08115005493164
experiments/ppo_pilot/logs/PPO_6/events.out.tfevents.1788161159.2ccb1d4d58e0.572.2,17664,1788161203.5659707,-9.78589916229248
experiments/ppo_pilot/logs/PPO_6/events.out.tfevents.1788161159.2ccb1d4d58e0.572.2,17920,1788161204.2476509,-9.56532096862793
experiments/ppo_pilot/logs/PPO_6/events.out.tfevents.1788161159.2ccb1d4d58e0.572.2,18176,1788161205.0252302,-9.311588287353516
experiments/ppo_pilot/logs/PPO_6/events.out.tfevents.1788161159.2ccb1d4d58e0.572.2,18432,1788161205.9087245,-9.294265747070312
experiments/ppo_pilot/logs/PPO_6/events.out.tfevents.1788161159.2ccb1d4d58e0.572.2,18688,1788161206.798001,-9.184985160827637
experiments/ppo_pilot/logs/PPO_6/events.out.tfevents.1788161159.2ccb1d4d58e0.572.2,18944,1788161207.6676955,-8.91494369506836
experiments/ppo_pilot/logs/PPO_6/events.out.tfevents.1788161159.2ccb1d4d58e0.572.2,19200,1788161208.575479,-8.793906211853027
experiments/ppo_pilot/logs/PPO_6/events.out.tfevents.1788161159.2ccb1d4d58e0.572.2,19456,1788161209.437521,-8.612591743469238
experiments/ppo_pilot/logs/PPO_6/events.out.tfevents.1788161159.2ccb1d4d58e0.572.2,19712,1788161210.1051135,-8.411728858947754
experiments/ppo_pilot/logs/PPO_6/events.out.tfevents.1788161159.2ccb1d4d58e0.572.2,19968,1788161210.7944818,-8.241938591003418
experiments/ppo_pilot/logs/PPO_6/events.out.tfevents.1788161159.2ccb1d4d58e0.572.2,20224,1788161211.467482,-8.108230590820312
experiments/ppo_pilot/logs/PPO_7/events.out.tfevents.1788162961.2ccb1d4d58e0.572.3,256,1788162961.6228108,-64.67251586914062
experiments/ppo_pilot/logs/PPO_7/events.out.tfevents.1788162961.2ccb1d4d58e0.572.3,512,1788162962.2613153,-62.25133514404297
experiments/ppo_pilot/logs/PPO_7/events.out.tfevents.1788162961.2ccb1d4d58e0.572.3,768,1788162963.0527616,-54.32540512084961
experiments/ppo_pilot/logs/PPO_7/events.out.tfevents.1788162961.2ccb1d4d58e0.572.3,1024,1788162963.7328892,-53.13642501831055
experiments/ppo_pilot/logs/PPO_7/events.out.tfevents.1788162961.2ccb1d4d58e0.572.3,1280,1788162964.3820949,-50.32978057861328
experiments/ppo_pilot/logs/PPO_7/events.out.tfevents.1788162961.2ccb1d4d58e0.572.3,1536,1788162965.0251338,-48.85757064819336
experiments/ppo_pilot/logs/PPO_7/events.out.tfevents.1788162961.2ccb1d4d58e0.572.3,1792,1788162965.6965106,-46.90595245361328
experiments/ppo_pilot/logs/PPO_7/events.out.tfevents.1788162961.2ccb1d4d58e0.572.3,2048,1788162966.3594897,-46.09432601928711
experiments/ppo_pilot/logs/PPO_7/events.out.tfevents.1788162961.2ccb1d4d58e0.572.3,2304,1788162967.014915,-46.59182357788086
experiments/ppo_pilot/logs/PPO_7/events.out.tfevents.1788162961.2ccb1d4d58e0.572.3,2560,1788162967.6984668,-45.382205963134766
experiments/ppo_pilot/logs/PPO_7/events.out.tfevents.1788162961.2ccb1d4d58e0.572.3,2816,1788162968.3578908,-44.91838073730469
experiments/ppo_pilot/logs/PPO_7/events.out.tfevents.1788162961.2ccb1d4d58e0.572.3,3072,1788162969.0490463,-43.92649459838867
experiments/ppo_pilot/logs/PPO_7/events.out.tfevents.1788162961.2ccb1d4d58e0.572.3,3328,1788162970.0138416,-43.637664794921875
experiments/ppo_pilot/logs/PPO_7/events.out.tfevents.1788162961.2ccb1d4d58e0.572.3,3584,1788162970.9051359,-43.833091735839844
experiments/ppo_pilot/logs/PPO_7/events.out.tfevents.1788162961.2ccb1d4d58e0.572.3,3840,1788162971.8046193,-43.336082458496094
experiments/ppo_pilot/logs/PPO_7/events.out.tfevents.1788162961.2ccb1d4d58e0.572.3,4096,1788162972.6534743,-43.85420227050781
experiments/ppo_pilot/logs/PPO_7/events.out.tfevents.1788162961.2ccb1d4d58e0.572.3,4352,1788162973.6161065,-43.57756805419922
experiments/ppo_pilot/logs/PPO_7/events.out.tfevents.1788162961.2ccb1d4d58e0.572.3,4608,1788162974.5459754,-41.78341293334961
experiments/ppo_pilot/logs/PPO_7/events.out.tfevents.1788162961.2ccb1d4d58e0.572.3,4864,1788162975.232775,-41.53836441040039
experiments/ppo_pilot/logs/PPO_7/events.out.tfevents.1788162961.2ccb1d4d58e0.572.3,5120,1788162975.914583,-41.14958190917969
experiments/ppo_pilot/logs/PPO_7/events.out.tfevents.1788162976.2ccb1d4d58e0.572.4,5376,1788162977.4542336,-41.699737548828125
experiments/ppo_pilot/logs/PPO_7/events.out.tfevents.1788162976.2ccb1d4d58e0.572.4,5632,1788162978.1436267,-40.86918640136719
experiments/ppo_pilot/logs/PPO_7/events.out.tfevents.1788162976.2ccb1d4d58e0.572.4,5888,1788162978.8449304,-39.61048126220703
experiments/ppo_pilot/logs/PPO_7/events.out.tfevents.1788162976.2ccb1d4d58e0.572.4,6144,1788162979.5457947,-41.059959411621094
experiments/ppo_pilot/logs/PPO_7/events.out.tfevents.1788162976.2ccb1d4d58e0.572.4,6400,1788162980.2362173,-40.96433639526367
experiments/ppo_pilot/logs/PPO_7/events.out.tfevents.1788162976.2ccb1d4d58e0.572.4,6656,1788162980.9065912,-41.105098724365234
experiments/ppo_pilot/logs/PPO_7/events.out.tfevents.1788162976.2ccb1d4d58e0.572.4,6912,1788162981.5968792,-40.429176330566406
experiments/ppo_pilot/logs/PPO_7/events.out.tfevents.1788162976.2ccb1d4d58e0.572.4,7168,1788162982.2542484,-39.486045837402344
experiments/ppo_pilot/logs/PPO_7/events.out.tfevents.1788162976.2ccb1d4d58e0.572.4,7424,1788162982.932895,-38.36131286621094
experiments/ppo_pilot/logs/PPO_7/events.out.tfevents.1788162976.2ccb1d4d58e0.572.4,7680,1788162983.6410506,-37.63280487060547
experiments/ppo_pilot/logs/PPO_7/events.out.tfevents.1788162976.2ccb1d4d58e0.572.4,7936,1788162984.3895164,-36.78010177612305
experiments/ppo_pilot/logs/PPO_7/events.out.tfevents.1788162976.2ccb1d4d58e0.572.4,8192,1788162985.2870631,-36.65966796875
experiments/ppo_pilot/logs/PPO_7/events.out.tfevents.1788162976.2ccb1d4d58e0.572.4,8448,1788162986.1976724,-35.61991500854492
experiments/ppo_pilot/logs/PPO_7/events.out.tfevents.1788162976.2ccb1d4d58e0.572.4,8704,1788162987.1063564,-34.1148567199707
experiments/ppo_pilot/logs/PPO_7/events.out.tfevents.1788162976.2ccb1d4d58e0.572.4,8960,1788162988.324647,-33.28157043457031
experiments/ppo_pilot/logs/PPO_7/events.out.tfevents.1788162976.2ccb1d4d58e0.572.4,9216,1788162989.2403479,-33.897945404052734
experiments/ppo_pilot/logs/PPO_7/events.out.tfevents.1788162976.2ccb1d4d58e0.572.4,9472,1788162989.956269,-33.7448844909668
experiments/ppo_pilot/logs/PPO_7/events.out.tfevents.1788162976.2ccb1d4d58e0.572.4,9728,1788162990.820797,-33.86182403564453
experiments/ppo_pilot/logs/PPO_7/events.out.tfevents.1788162976.2ccb1d4d58e0.572.4,9984,1788162992.1740136,-32.811676025390625
experiments/ppo_pilot/logs/PPO_7/events.out.tfevents.1788162976.2ccb1d4d58e0.572.4,10240,1788162993.8399282,-33.0500373840332
experiments/ppo_pilot/logs/PPO_7/events.out.tfevents.1788162976.2ccb1d4d58e0.572.4,10496,1788162995.326215,-31.939563751220703
experiments/ppo_pilot/logs/PPO_7/events.out.tfevents.1788162976.2ccb1d4d58e0.572.4,10752,1788162996.7272177,-30.62653350830078
experiments/ppo_pilot/logs/PPO_7/events.out.tfevents.1788162976.2ccb1d4d58e0.572.4,11008,1788162998.6052277,-30.0312557220459
experiments/ppo_pilot/logs/PPO_7/events.out.tfevents.1788162976.2ccb1d4d58e0.572.4,11264,1788163000.9210503,-29.402400970458984
experiments/ppo_pilot/logs/PPO_7/events.out.tfevents.1788162976.2ccb1d4d58e0.572.4,11520,1788163003.4118507,-27.999622344970703
experiments/ppo_pilot/logs/PPO_7/events.out.tfevents.1788162976.2ccb1d4d58e0.572.4,11776,1788163005.4966373,-27.648799896240234
experiments/ppo_pilot/logs/PPO_7/events.out.tfevents.1788162976.2ccb1d4d58e0.572.4,12032,1788163006.761603,-25.854639053344727
experiments/ppo_pilot/logs/PPO_7/events.out.tfevents.1788162976.2ccb1d4d58e0.572.4,12288,1788163007.590138,-25.1163330078125
experiments/ppo_pilot/logs/PPO_7/events.out.tfevents.1788162976.2ccb1d4d58e0.572.4,12544,1788163008.2778325,-23.376426696777344
experiments/ppo_pilot/logs/PPO_7/events.out.tfevents.1788162976.2ccb1d4d58e0.572.4,12800,1788163008.9540918,-22.072559356689453
experiments/ppo_pilot/logs/PPO_7/events.out.tfevents.1788162976.2ccb1d4d58e0.572.4,13056,1788163009.6449008,-21.015926361083984
experiments/ppo_pilot/logs/PPO_7/events.out.tfevents.1788162976.2ccb1d4d58e0.572.4,13312,1788163010.3176527,-20.320594787597656
experiments/ppo_pilot/logs/PPO_7/events.out.tfevents.1788162976.2ccb1d4d58e0.572.4,13568,1788163010.9870257,-19.50853157043457
experiments/ppo_pilot/logs/PPO_7/events.out.tfevents.1788162976.2ccb1d4d58e0.572.4,13824,1788163011.657187,-18.462766647338867
experiments/ppo_pilot/logs/PPO_7/events.out.tfevents.1788162976.2ccb1d4d58e0.572.4,14080,1788163012.3241384,-17.532419204711914
experiments/ppo_pilot/logs/PPO_7/events.out.tfevents.1788162976.2ccb1d4d58e0.572.4,14336,1788163013.0192518,-17.015182495117188
experiments/ppo_pilot/logs/PPO_7/events.out.tfevents.1788162976.2ccb1d4d58e0.572.4,14592,1788163013.7120457,-16.388748168945312
experiments/ppo_pilot/logs/PPO_7/events.out.tfevents.1788162976.2ccb1d4d58e0.572.4,14848,1788163014.4286726,-15.5467529296875
experiments/ppo_pilot/logs/PPO_7/events.out.tfevents.1788162976.2ccb1d4d58e0.572.4,15104,1788163015.209448,-14.754277229309082
experiments/ppo_pilot/logs/PPO_7/events.out.tfevents.1788162976.2ccb1d4d58e0.572.4,15360,1788163016.0806446,-14.067671775817871
experiments/ppo_pilot/logs/PPO_7/events.out.tfevents.1788162976.2ccb1d4d58e0.572.4,15616,1788163017.0247543,-13.369339942932129
experiments/ppo_pilot/logs/PPO_7/events.out.tfevents.1788162976.2ccb1d4d58e0.572.4,15872,1788163017.8708603,-12.73508071899414
experiments/ppo_pilot/logs/PPO_7/events.out.tfevents.1788162976.2ccb1d4d58e0.572.4,16128,1788163018.832021,-11.935362815856934
experiments/ppo_pilot/logs/PPO_7/events.out.tfevents.1788162976.2ccb1d4d58e0.572.4,16384,1788163019.6278107,-11.410663604736328
experiments/ppo_pilot/logs/PPO_7/events.out.tfevents.1788162976.2ccb1d4d58e0.572.4,16640,1788163020.3006752,-10.907599449157715
experiments/ppo_pilot/logs/PPO_7/events.out.tfevents.1788162976.2ccb1d4d58e0.572.4,16896,1788163020.9619312,-10.584999084472656
experiments/ppo_pilot/logs/PPO_7/events.out.tfevents.1788162976.2ccb1d4d58e0.572.4,17152,1788163021.6206136,-10.306971549987793
experiments/ppo_pilot/logs/PPO_7/events.out.tfevents.1788162976.2ccb1d4d58e0.572.4,17408,1788163022.295571,-10.08115005493164
experiments/ppo_pilot/logs/PPO_7/events.out.tfevents.1788162976.2ccb1d4d58e0.572.4,17664,1788163022.9545732,-9.78589916229248
experiments/ppo_pilot/logs/PPO_7/events.out.tfevents.1788162976.2ccb1d4d58e0.572.4,17920,1788163023.6187751,-9.56532096862793
experiments/ppo_pilot/logs/PPO_7/events.out.tfevents.1788162976.2ccb1d4d58e0.572.4,18176,1788163024.282186,-9.311588287353516
experiments/ppo_pilot/logs/PPO_7/events.out.tfevents.1788162976.2ccb1d4d58e0.572.4,18432,1788163024.96267,-9.294265747070312
experiments/ppo_pilot/logs/PPO_7/events.out.tfevents.1788162976.2ccb1d4d58e0.572.4,18688,1788163025.6340194,-9.184985160827637
experiments/ppo_pilot/logs/PPO_7/events.out.tfevents.1788162976.2ccb1d4d58e0.572.4,18944,1788163026.308337,-8.91494369506836
experiments/ppo_pilot/logs/PPO_7/events.out.tfevents.1788162976.2ccb1d4d58e0.572.4,19200,1788163026.9646378,-8.793906211853027
experiments/ppo_pilot/logs/PPO_7/events.out.tfevents.1788162976.2ccb1d4d58e0.572.4,19456,1788163027.6212234,-8.612591743469238
experiments/ppo_pilot/logs/PPO_7/events.out.tfevents.1788162976.2ccb1d4d58e0.572.4,19712,1788163028.3039753,-8.411728858947754
experiments/ppo_pilot/logs/PPO_7/events.out.tfevents.1788162976.2ccb1d4d58e0.572.4,19968,1788163029.0115855,-8.241938591003418
experiments/ppo_pilot/logs/PPO_7/events.out.tfevents.1788162976.2ccb1d4d58e0.572.4,20224,1788163029.8746386,-8.108230590820312
experiments/ppo_pilot/logs/PPO_8/events.out.tfevents.1788169412.408410dbec80.4524.0,256,1788169413.0225172,-51.523277282714844
experiments/ppo_pilot/logs/PPO_8/events.out.tfevents.1788169412.408410dbec80.4524.0,512,1788169414.0954285,-45.91461181640625
experiments/ppo_pilot/logs/PPO_8/events.out.tfevents.1788169412.408410dbec80.4524.0,768,1788169415.0977378,-43.50360870361328
experiments/ppo_pilot/logs/PPO_8/events.out.tfevents.1788169412.408410dbec80.4524.0,1024,1788169416.031306,-45.22719192504883
experiments/ppo_pilot/logs/PPO_8/events.out.tfevents.1788169412.408410dbec80.4524.0,1280,1788169416.950589,-46.65282440185547
experiments/ppo_pilot/logs/PPO_8/events.out.tfevents.1788169412.408410dbec80.4524.0,1536,1788169417.9228532,-46.98460388183594
experiments/ppo_pilot/logs/PPO_8/events.out.tfevents.1788169412.408410dbec80.4524.0,1792,1788169419.2636592,-48.17605209350586
experiments/ppo_pilot/logs/PPO_8/events.out.tfevents.1788169412.408410dbec80.4524.0,2048,1788169420.987086,-47.3505859375
experiments/ppo_pilot/logs/PPO_8/events.out.tfevents.1788169412.408410dbec80.4524.0,2304,1788169422.0440066,-47.161643981933594
experiments/ppo_pilot/logs/PPO_8/events.out.tfevents.1788169412.408410dbec80.4524.0,2560,1788169424.241488,-46.163665771484375
experiments/ppo_pilot/logs/PPO_8/events.out.tfevents.1788169412.408410dbec80.4524.0,2816,1788169426.140496,-45.812599182128906
experiments/ppo_pilot/logs/PPO_8/events.out.tfevents.1788169412.408410dbec80.4524.0,3072,1788169427.621304,-45.78310012817383
experiments/ppo_pilot/logs/PPO_8/events.out.tfevents.1788169412.408410dbec80.4524.0,3328,1788169428.472724,-46.02980041503906
experiments/ppo_pilot/logs/PPO_8/events.out.tfevents.1788169412.408410dbec80.4524.0,3584,1788169429.3912187,-45.62614059448242
experiments/ppo_pilot/logs/PPO_8/events.out.tfevents.1788169412.408410dbec80.4524.0,3840,1788169430.2944736,-44.988277435302734
experiments/ppo_pilot/logs/PPO_8/events.out.tfevents.1788169412.408410dbec80.4524.0,4096,1788169431.2585812,-43.08815383911133
experiments/ppo_pilot/logs/PPO_8/events.out.tfevents.1788169412.408410dbec80.4524.0,4352,1788169431.6748655,-43.05738830566406
experiments/ppo_pilot/logs/PPO_8/events.out.tfevents.1788169412.408410dbec80.4524.0,4608,1788169432.1010618,-43.58730697631836
experiments/ppo_pilot/logs/PPO_8/events.out.tfevents.1788169412.408410dbec80.4524.0,4864,1788169432.5099468,-43.17707824707031
experiments/ppo_pilot/logs/PPO_8/events.out.tfevents.1788169412.408410dbec80.4524.0,5120,1788169432.9030225,-42.5480842590332
experiments/ppo_pilot/logs/PPO_8/events.out.tfevents.1788169434.408410dbec80.4524.1,5376,1788169434.601243,-41.95002365112305
experiments/ppo_pilot/logs/PPO_8/events.out.tfevents.1788169434.408410dbec80.4524.1,5632,1788169435.0048456,-41.21846389770508
experiments/ppo_pilot/logs/PPO_8/events.out.tfevents.1788169434.408410dbec80.4524.1,5888,1788169435.4284875,-40.182865142822266
experiments/ppo_pilot/logs/PPO_8/events.out.tfevents.1788169434.408410dbec80.4524.1,6144,1788169435.830877,-40.1068115234375
experiments/ppo_pilot/logs/PPO_8/events.out.tfevents.1788169434.408410dbec80.4524.1,6400,1788169436.262381,-39.84518051147461
experiments/ppo_pilot/logs/PPO_8/events.out.tfevents.1788169434.408410dbec80.4524.1,6656,1788169436.672099,-39.95067596435547
experiments/ppo_pilot/logs/PPO_8/events.out.tfevents.1788169434.408410dbec80.4524.1,6912,1788169437.074559,-38.38031005859375
experiments/ppo_pilot/logs/PPO_8/events.out.tfevents.1788169434.408410dbec80.4524.1,7168,1788169437.629197,-38.021854400634766
experiments/ppo_pilot/logs/PPO_8/events.out.tfevents.1788169434.408410dbec80.4524.1,7424,1788169438.2319798,-36.95252990722656
experiments/ppo_pilot/logs/PPO_8/events.out.tfevents.1788169434.408410dbec80.4524.1,7680,1788169438.8433683,-37.14854049682617
experiments/ppo_pilot/logs/PPO_8/events.out.tfevents.1788169434.408410dbec80.4524.1,7936,1788169439.472965,-36.75539779663086
experiments/ppo_pilot/logs/PPO_8/events.out.tfevents.1788169434.408410dbec80.4524.1,8192,1788169440.015205,-37.199798583984375
experiments/ppo_pilot/logs/PPO_8/events.out.tfevents.1788169434.408410dbec80.4524.1,8448,1788169440.64465,-36.997989654541016
experiments/ppo_pilot/logs/PPO_8/events.out.tfevents.1788169434.408410dbec80.4524.1,8704,1788169441.2458608,-35.74649429321289
experiments/ppo_pilot/logs/PPO_8/events.out.tfevents.1788169434.408410dbec80.4524.1,8960,1788169441.920986,-35.465248107910156
experiments/ppo_pilot/logs/PPO_8/events.out.tfevents.1788169434.408410dbec80.4524.1,9216,1788169442.4162843,-34.33695602416992
experiments/ppo_pilot/logs/PPO_8/events.out.tfevents.1788169434.408410dbec80.4524.1,9472,1788169442.8570614,-34.2609748840332
experiments/ppo_pilot/logs/PPO_8/events.out.tfevents.1788169434.408410dbec80.4524.1,9728,1788169443.2685091,-34.02956771850586
experiments/ppo_pilot/logs/PPO_8/events.out.tfevents.1788169434.408410dbec80.4524.1,9984,1788169443.6685762,-33.218955993652344
experiments/ppo_pilot/logs/PPO_8/events.out.tfevents.1788169434.408410dbec80.4524.1,10240,1788169444.0909142,-32.08374786376953
experiments/ppo_pilot/logs/PPO_8/events.out.tfevents.1788169434.408410dbec80.4524.1,10496,1788169444.5020158,-30.874267578125
experiments/ppo_pilot/logs/PPO_8/events.out.tfevents.1788169434.408410dbec80.4524.1,10752,1788169444.9427977,-29.671451568603516
experiments/ppo_pilot/logs/PPO_8/events.out.tfevents.1788169434.408410dbec80.4524.1,11008,1788169445.3657684,-28.70722770690918
experiments/ppo_pilot/logs/PPO_8/events.out.tfevents.1788169434.408410dbec80.4524.1,11264,1788169445.784551,-27.90504264831543
experiments/ppo_pilot/logs/PPO_8/events.out.tfevents.1788169434.408410dbec80.4524.1,11520,1788169446.2164814,-27.200607299804688
experiments/ppo_pilot/logs/PPO_8/events.out.tfevents.1788169434.408410dbec80.4524.1,11776,1788169446.614683,-25.807422637939453
experiments/ppo_pilot/logs/PPO_8/events.out.tfevents.1788169434.408410dbec80.4524.1,12032,1788169447.0286055,-24.17072105407715
experiments/ppo_pilot/logs/PPO_8/events.out.tfevents.1788169434.408410dbec80.4524.1,12288,1788169447.4534383,-23.210708618164062
experiments/ppo_pilot/logs/PPO_8/events.out.tfevents.1788169434.408410dbec80.4524.1,12544,1788169447.8664258,-21.87186050415039
experiments/ppo_pilot/logs/PPO_8/events.out.tfevents.1788169434.408410dbec80.4524.1,12800,1788169448.2862878,-20.239444732666016
experiments/ppo_pilot/logs/PPO_8/events.out.tfevents.1788169434.408410dbec80.4524.1,13056,1788169448.6830676,-19.150781631469727
experiments/ppo_pilot/logs/PPO_8/events.out.tfevents.1788169434.408410dbec80.4524.1,13312,1788169449.099384,-18.00650978088379
experiments/ppo_pilot/logs/PPO_8/events.out.tfevents.1788169434.408410dbec80.4524.1,13568,1788169449.5144277,-16.98683738708496
experiments/ppo_pilot/logs/PPO_8/events.out.tfevents.1788169434.408410dbec80.4524.1,13824,1788169449.9279711,-15.7474946975708
experiments/ppo_pilot/logs/PPO_8/events.out.tfevents.1788169434.408410dbec80.4524.1,14080,1788169450.3538527,-14.637959480285645
experiments/ppo_pilot/logs/PPO_8/events.out.tfevents.1788169434.408410dbec80.4524.1,14336,1788169450.7752242,-13.966054916381836
experiments/ppo_pilot/logs/PPO_8/events.out.tfevents.1788169434.408410dbec80.4524.1,14592,1788169451.1927238,-13.192527770996094
experiments/ppo_pilot/logs/PPO_8/events.out.tfevents.1788169434.408410dbec80.4524.1,14848,1788169451.6000817,-12.6373929977417
experiments/ppo_pilot/logs/PPO_8/events.out.tfevents.1788169434.408410dbec80.4524.1,15104,1788169452.0051513,-11.979352951049805
experiments/ppo_pilot/logs/PPO_8/events.out.tfevents.1788169434.408410dbec80.4524.1,15360,1788169452.5807526,-11.330713272094727
experiments/ppo_pilot/logs/PPO_8/events.out.tfevents.1788169434.408410dbec80.4524.1,15616,1788169453.1537032,-10.80859661102295
experiments/ppo_pilot/logs/PPO_8/events.out.tfevents.1788169434.408410dbec80.4524.1,15872,1788169453.7199888,-10.139846801757812
experiments/ppo_pilot/logs/PPO_8/events.out.tfevents.1788169434.408410dbec80.4524.1,16128,1788169454.3363283,-9.87537956237793
experiments/ppo_pilot/logs/PPO_8/events.out.tfevents.1788169434.408410dbec80.4524.1,16384,1788169454.925829,-9.568904876708984
experiments/ppo_pilot/logs/PPO_8/events.out.tfevents.1788169434.408410dbec80.4524.1,16640,1788169455.477494,-9.2379732131958
experiments/ppo_pilot/logs/PPO_8/events.out.tfevents.1788169434.408410dbec80.4524.1,16896,1788169456.0710464,-9.028387069702148
experiments/ppo_pilot/logs/PPO_8/events.out.tfevents.1788169434.408410dbec80.4524.1,17152,1788169456.698698,-8.935355186462402
experiments/ppo_pilot/logs/PPO_8/events.out.tfevents.1788169434.408410dbec80.4524.1,17408,1788169457.23406,-8.879064559936523
experiments/ppo_pilot/logs/PPO_8/events.out.tfevents.1788169434.408410dbec80.4524.1,17664,1788169457.6672597,-8.710467338562012
experiments/ppo_pilot/logs/PPO_8/events.out.tfevents.1788169434.408410dbec80.4524.1,17920,1788169458.0781424,-8.678933143615723
experiments/ppo_pilot/logs/PPO_8/events.out.tfevents.1788169434.408410dbec80.4524.1,18176,1788169458.5102894,-8.526918411254883
experiments/ppo_pilot/logs/PPO_8/events.out.tfevents.1788169434.408410dbec80.4524.1,18432,1788169458.9254541,-8.353740692138672
experiments/ppo_pilot/logs/PPO_8/events.out.tfevents.1788169434.408410dbec80.4524.1,18688,1788169459.3377686,-8.258865356445312
experiments/ppo_pilot/logs/PPO_8/events.out.tfevents.1788169434.408410dbec80.4524.1,18944,1788169459.7562335,-8.117965698242188
experiments/ppo_pilot/logs/PPO_8/events.out.tfevents.1788169434.408410dbec80.4524.1,19200,1788169460.1612406,-7.987447261810303
experiments/ppo_pilot/logs/PPO_8/events.out.tfevents.1788169434.408410dbec80.4524.1,19456,1788169460.606783,-7.767515659332275
experiments/ppo_pilot/logs/PPO_8/events.out.tfevents.1788169434.408410dbec80.4524.1,19712,1788169461.01857,-7.667383193969727
experiments/ppo_pilot/logs/PPO_8/events.out.tfevents.1788169434.408410dbec80.4524.1,19968,1788169461.4302492,-7.520756721496582
experiments/ppo_pilot/logs/PPO_8/events.out.tfevents.1788169434.408410dbec80.4524.1,20224,1788169461.841569,-7.513733386993408
experiments/ppo_pilot/logs/PPO_9/events.out.tfevents.1788170103.408410dbec80.4524.2,256,1788170103.8835669,-51.523277282714844
experiments/ppo_pilot/logs/PPO_9/events.out.tfevents.1788170103.408410dbec80.4524.2,512,1788170104.4758763,-45.91461181640625
experiments/ppo_pilot/logs/PPO_9/events.out.tfevents.1788170103.408410dbec80.4524.2,768,1788170105.4011865,-43.50360870361328
experiments/ppo_pilot/logs/PPO_9/events.out.tfevents.1788170103.408410dbec80.4524.2,1024,1788170106.2714877,-45.22719192504883
experiments/ppo_pilot/logs/PPO_9/events.out.tfevents.1788170103.408410dbec80.4524.2,1280,1788170107.365354,-46.65282440185547
experiments/ppo_pilot/logs/PPO_9/events.out.tfevents.1788170103.408410dbec80.4524.2,1536,1788170108.254504,-46.98460388183594
experiments/ppo_pilot/logs/PPO_9/events.out.tfevents.1788170103.408410dbec80.4524.2,1792,1788170109.3804414,-48.17605209350586
experiments/ppo_pilot/logs/PPO_9/events.out.tfevents.1788170103.408410dbec80.4524.2,2048,1788170111.1063833,-47.3505859375
experiments/ppo_pilot/logs/PPO_9/events.out.tfevents.1788170103.408410dbec80.4524.2,2304,1788170113.229714,-47.161643981933594
experiments/ppo_pilot/logs/PPO_9/events.out.tfevents.1788170103.408410dbec80.4524.2,2560,1788170114.2558784,-46.163665771484375
experiments/ppo_pilot/logs/PPO_9/events.out.tfevents.1788170103.408410dbec80.4524.2,2816,1788170114.8054845,-45.812599182128906
experiments/ppo_pilot/logs/PPO_9/events.out.tfevents.1788170103.408410dbec80.4524.2,3072,1788170115.2295825,-45.78310012817383
experiments/ppo_pilot/logs/PPO_9/events.out.tfevents.1788170103.408410dbec80.4524.2,3328,1788170115.6570811,-46.02980041503906
experiments/ppo_pilot/logs/PPO_9/events.out.tfevents.1788170103.408410dbec80.4524.2,3584,1788170116.0644352,-45.62614059448242
experiments/ppo_pilot/logs/PPO_9/events.out.tfevents.1788170103.408410dbec80.4524.2,3840,1788170116.4918344,-44.988277435302734
experiments/ppo_pilot/logs/PPO_9/events.out.tfevents.1788170103.408410dbec80.4524.2,4096,1788170116.8995025,-43.08815383911133
experiments/ppo_pilot/logs/PPO_9/events.out.tfevents.1788170103.408410dbec80.4524.2,4352,1788170117.3239543,-43.05738830566406
experiments/ppo_pilot/logs/PPO_9/events.out.tfevents.1788170103.408410dbec80.4524.2,4608,1788170117.733217,-43.58730697631836
experiments/ppo_pilot/logs/PPO_9/events.out.tfevents.1788170103.408410dbec80.4524.2,4864,1788170118.14275,-43.17707824707031
experiments/ppo_pilot/logs/PPO_9/events.out.tfevents.1788170103.408410dbec80.4524.2,5120,1788170118.5718837,-42.5480842590332
