seed,profile_id,total_energy,electricity_cost,mean_temperature_deviation,total_discomfort,safety_violations,cumulative_reward,peak_hvac_energy,minimum_temperature,maximum_temperature,comfort_band_pct
42,validation_day_0001,3.3777517322450876,2.616637070725528,0.46236006958293235,0.15334872683291678,0,-1.5979924245517985,0.36364465951919556,20.846651273167083,22.198119263289033,95.83333333333334
42,validation_day_0002,3.37848349660635,2.670752157643285,0.3067312670407703,0.0,0,-1.5476954805105618,0.3117068409919739,21.447893878613694,22.183861039555403,100.0
42,validation_day_0003,4.863608790561557,3.6558250056657964,0.6208450013705842,0.2176759517814446,0,-2.277318019014204,0.39335107803344727,22.33830031191989,23.217675951781445,95.83333333333334
42,validation_day_0004,4.070310719311237,3.1623827348905373,0.17367999376047724,0.0,0,-1.8535697627714787,0.32757025957107544,21.673388901417113,22.46649515979797,100.0
42,validation_day_0005,3.5444586910307407,2.6954209560858704,0.3818665563043567,0.0,0,-1.6024217985263962,0.28498566150665283,21.163122251907893,22.218213809693303,100.0
42,validation_day_0006,4.123749021440744,3.2300518088258467,0.349027629567781,0.0,0,-1.8831350681973926,0.3996392488479614,21.780286978644774,22.772764638352527,100.0
42,validation_day_0007,4.034344382584095,3.04534192464838,0.20543029351114628,0.0,0,-1.8193716997049045,0.3668041229248047,21.739256055200677,22.6772531676963,100.0
42,validation_day_0008,3.547072535380721,2.7244120072993083,0.3549796437387222,0.0,0,-1.609004162074078,0.3678790330886841,21.174868812014907,22.074512636115507,100.0
42,validation_day_0009,3.463649809360504,2.692340538609014,0.34882487123263656,0.0,0,-1.577563050529954,0.30905354022979736,21.12159152982856,22.29513706354743,100.0
42,validation_day_0010,3.980235282331705,3.1504427437042697,0.24589698677732885,0.0,0,-1.8241591334403655,0.3787880539894104,21.834048651809184,22.61205293823778,100.0
42,validation_day_0011,4.075481692329049,3.168271160690976,0.2999793818362681,0.0,0,-1.85629873983691,0.3536924123764038,21.804788349454565,22.698961462993598,100.0
42,validation_day_0012,4.0228517185896635,3.005004247632163,0.2030636280944996,0.0,0,-1.8078563651033315,0.33806926012039185,21.614984868691128,22.571720933468605,100.0
42,validation_day_0013,3.4278247952461243,2.64684168204242,0.46065199047564914,0.0,0,-1.5577157749823214,0.2743633985519409,21.31038121372531,21.76618109151507,100.0
42,validation_day_0014,3.5511803682893515,2.7955215513788105,0.2385123684804702,0.0,0,-1.6244584207625674,0.32636433839797974,21.541344630413647,22.206089110070796,100.0
42,validation_day_0015,4.103745149448514,3.145511620555388,0.2715489837810246,0.0,0,-1.860225868945632,0.4153785705566406,21.969613404266262,22.58636403638883,100.0
42,validation_day_0016,4.263422789052129,3.2269822002545596,0.27661679619788365,0.0,0,-1.9244232767665506,0.32738935947418213,21.568385828661384,22.623737284677112,100.0
42,validation_day_0017,3.9277975782752037,3.094200725297154,0.23519526014112793,0.0,0,-1.797179418541992,0.33791691064834595,21.789072829602375,22.64830420884575,100.0
42,validation_day_0018,3.760867327451706,2.908955899604036,0.20881182068964943,0.0,0,-1.710051378156319,0.3624700903892517,21.687078645387384,22.38076782747925,100.0
42,validation_day_0019,3.6710252575576305,2.8406162611808305,0.21456097810718275,0.0,0,-1.6694308295034552,0.3559628129005432,21.3482621389194,22.492985424533185,100.0
42,validation_day_0020,3.396180398762226,2.5763216115600454,0.5476352021488138,0.0,0,-1.5341184419406768,0.3406628370285034,21.00841859664929,22.380087926154694,100.0
42,validation_day_0021,5.156679563224316,3.8951272236195407,0.9079030527450027,1.2045418313928877,0,-2.807846046248358,0.4571325182914734,22.567979413235896,23.25315887588341,70.83333333333334
42,validation_day_0022,3.83973203971982,2.9421931313268535,0.17786825015094512,0.0,0,-1.7403582381813167,0.3600531816482544,21.695331088716372,22.67937793727068,100.0
42,validation_day_0023,3.793752785772085,2.9482773465565955,0.14543232709090445,0.0,0,-1.7277813050429447,0.2970390319824219,21.66609696591934,22.29444413040161,100.0
42,validation_day_0024,3.934664249420166,3.01172144562575,0.18414335858585038,0.0,0,-1.7827435639511997,0.3995237946510315,21.525621447731837,22.419251206777,100.0
42,validation_day_0025,3.375457914546132,2.585288530126926,0.5753746970054765,0.0,0,-1.5296950803892249,0.2916252613067627,21.080412873590156,21.72002805079581,100.0
42,validation_day_0026,4.112482987344265,3.1110922121848237,0.2589308538161106,0.0,0,-1.855963338640244,0.3890077471733093,21.636943817723186,22.901391782469897,100.0
42,validation_day_0027,3.826856330037117,2.9039075362149434,0.16844293874275515,0.0,0,-1.7288384062541238,0.3650733232498169,21.55898327963867,22.249856949075717,100.0
42,validation_day_0028,3.363693118095398,2.5558007054261513,0.40769541909734147,0.0,0,-1.5202680765138497,0.2858589291572571,21.334384374709735,21.904197998143964,100.0
42,validation_day_0029,3.3025763016194105,2.658924721666076,0.34848251875916647,0.0,0,-1.5225578348190383,0.3506457209587097,21.28379431087928,22.132894668928454,100.0
42,validation_day_0030,3.875504495576024,3.013041937279504,0.22514178555117045,0.0,0,-1.7652597361287081,0.3873140215873718,21.595853994043622,22.522283487443907,100.0
123,validation_day_0001,3.4906743988394737,2.6802649816184574,0.4640701181193864,0.0,0,-1.5832553159755336,0.32271525263786316,21.187997042883186,21.911753814054638,100.0
123,validation_day_0002,3.5924602672457695,2.7988749028380417,0.3335305995525135,0.0,0,-1.6375130607413393,0.27848222851753235,21.33291156955567,21.980010365034662,100.0
123,validation_day_0003,4.564141548238695,3.5353285185916246,0.4836142579494617,0.0,0,-2.076308168189933,0.3740311861038208,21.860648135980668,22.81675133317486,100.0
123,validation_day_0004,4.170118443667889,3.24262345078725,0.2947142281302703,0.0,0,-1.8995602232578166,0.31959399580955505,21.13303549480482,22.4493497442556,100.0
123,validation_day_0005,3.596737891435623,2.751639476207097,0.3964669983728055,0.0,0,-1.6293492626721062,0.28555697202682495,21.185947546970446,21.83427690777673,100.0
123,validation_day_0006,4.39207935705781,3.4009000710369075,0.3800683807769401,0.0,0,-1.9978038213247244,0.34634241461753845,21.51320982409688,22.75934756302249,100.0
123,validation_day_0007,3.997744109481573,3.050417680254347,0.16729082668266582,0.0,0,-1.8094067688953412,0.3539874255657196,21.67897388942022,22.433747520915414,100.0
123,validation_day_0008,3.685082420706749,2.7970791743277843,0.42788984438763916,0.000501653153246906,0,-1.6651412223388802,0.33129456639289856,20.999498346846753,22.18253806864866,95.83333333333334
123,validation_day_0009,3.4850896075367928,2.721986787400379,0.3761842398357918,0.0,0,-1.5899242397411137,0.3291611671447754,21.193838333058583,22.020089220416423,100.0
123,validation_day_0010,4.023662086576223,3.198343737107129,0.18618512281635655,0.0,0,-1.8467673733942929,0.3297303020954132,21.81232179336659,22.455513524620848,100.0
123,validation_day_0011,4.0852429792284966,3.186507549879727,0.1832220822673579,0.0,0,-1.8628744037444942,0.32682135701179504,21.897269547305704,22.421739012769173,100.0
123,validation_day_0012,4.054901145398617,3.0805597915396494,0.17529759225140765,0.0,0,-1.832582301927515,0.31504586338996887,21.61872277139373,22.45947972774894,100.0
123,validation_day_0013,3.571872316300869,2.6989468468670004,0.48833334168738113,0.11542308679214841,0,-1.6575202989805202,0.3026181161403656,20.890761460991936,21.924859786070247,91.66666666666666
123,validation_day_0014,3.6152831725776196,2.8392567572400815,0.30743645239279305,0.0,0,-1.652436303221302,0.3312978148460388,21.1850451551686,22.176388333432143,100.0
123,validation_day_0015,4.191118650138378,3.1809700163979024,0.2667971417533548,0.0,0,-1.893529598321094,0.38695552945137024,21.642994284780585,22.754473969869796,100.0
123,validation_day_0016,4.226785659790039,3.2266160218700795,0.32458799656816906,0.0,0,-1.9133589023110276,0.31818994879722595,21.43144579133836,22.540483546611974,100.0
123,validation_day_0017,4.068076238036156,3.17830327522421,0.16244030072800145,0.0,0,-1.8560835264556887,0.33011823892593384,21.786512572168157,22.407804725733847,100.0
123,validation_day_0018,3.9428037144243717,3.0230596124811866,0.17441042071100746,0.0,0,-1.7874530368235488,0.3028367757797241,21.639317993060953,22.33895017208672,100.0
123,validation_day_0019,3.7755759805440903,2.9232171292962446,0.16067519193364146,0.0,0,-1.717316220022476,0.32635974884033203,21.429718707300136,22.217113338010474,100.0
123,validation_day_0020,3.253817591816187,2.5024479651306697,0.5152556824244652,0.0,0,-1.47663487057099,0.3095172941684723,21.209629359312437,21.836295698151215,100.0
123,validation_day_0021,4.957605911418796,3.852768333551526,0.7305309337607472,0.25544330101764956,0,-2.360012760543004,0.43907707929611206,22.419875214877866,23.213268952246715,91.66666666666666
123,validation_day_0022,3.910647178068757,2.99204058852873,0.12726065951815047,0.0,0,-1.771602271126373,0.3359147012233734,21.5951988923563,22.225259780441547,100.0
123,validation_day_0023,3.9030737169086933,3.021294623133932,0.23672436102424488,0.0,0,-1.7751810396993946,0.3243735730648041,21.33020951763331,22.22644018339241,100.0
123,validation_day_0024,4.089151851832867,3.131195801735384,0.30823340207913635,0.0,0,-1.8529847158969368,0.3715800642967224,21.20136602868872,22.610916937184996,100.0
123,validation_day_0025,3.372852396219969,2.6014880888757994,0.5929113221883641,0.17709654342344194,0,-1.6029919540105273,0.3230750858783722,20.865318091690725,21.817686983803775,91.66666666666666
123,validation_day_0026,4.0854282677173615,3.1604749823229996,0.1527234487144901,0.0,0,-1.8577234767798083,0.35490211844444275,21.54738575694669,22.422201548381064,100.0
123,validation_day_0027,3.9216363728046417,2.978744205589372,0.22558784214579278,0.0,0,-1.7722397529592668,0.38034459948539734,21.37322876928275,22.175468311617173,100.0
123,validation_day_0028,3.5962964184582233,2.718932010469347,0.4347179144680016,0.022647259141344023,0,-1.631734231287874,0.2872724235057831,20.977352740858656,22.022535968733216,95.83333333333334
123,validation_day_0029,3.6544473096728325,2.855667275399644,0.381375481573994,0.0,0,-1.6674676479817785,0.3011705279350281,21.05767658416211,21.903777774017858,100.0
123,validation_day_0030,3.948551107198,3.0845040065221743,0.17541592636190698,0.0,0,-1.8014661334638349,0.3513268828392029,21.48782170496567,22.389407626951122,100.0
2024,validation_day_0001,3.3694527745246887,2.5359525171540924,0.40568965426768394,0.07986811139333838,0,-1.5499735803455605,0.33463960886001587,20.927534589601727,22.273472994760745,91.66666666666666
2024,validation_day_0002,3.5113705713301897,2.7048093410250744,0.2932257347200656,0.0,0,-1.5943730396040718,0.3423909544944763,21.350501897077415,22.254661971147293,100.0
2024,validation_day_0003,4.873851910233498,3.63395689544327,0.5671154568284439,0.0,0,-2.1889469521587035,0.4320887625217438,22.14043203278776,22.928227579200424,100.0
2024,validation_day_0004,4.029393455013633,3.049650357063973,0.21552088466533803,0.0,0,-1.8187481079168843,0.36968857049942017,21.72830433970794,22.452483174266447,100.0
2024,validation_day_0005,3.4606250319629908,2.6177646111051214,0.3187759133945578,0.0,0,-1.5617404318099215,0.3584321141242981,21.126551431158212,22.198582670742624,100.0
2024,validation_day_0006,4.262673093006015,3.2649702776092724,0.33459564093864885,0.0,0,-1.9317959834236589,0.4881225824356079,21.64931939280719,22.747613039738745,100.0
2024,validation_day_0007,4.01279179751873,3.023192775716456,0.28118430712947334,0.0,0,-1.8084760943989102,0.4007251262664795,21.517270197656114,22.79277725310886,100.0
2024,validation_day_0008,3.5759113784879446,2.709307109810621,0.3278761911996407,0.0,0,-1.6146348355085076,0.39270734786987305,21.22252563130981,22.12482321024709,100.0
2024,validation_day_0009,3.681507868692279,2.7845380116887433,0.31027533126848317,0.0,0,-1.6613599629454323,0.3839395046234131,21.086958840255733,22.301132086206387,100.0
2024,validation_day_0010,3.909966889768839,3.069644682141842,0.28800648705288073,0.0,0,-1.78691900335902,0.3895139694213867,21.709068496279915,22.530230033267916,100.0
2024,validation_day_0011,3.9595308862626553,3.0457722158598313,0.36437681198168753,0.0,0,-1.7970137090507627,0.40468037128448486,21.59345340382683,22.76001427976782,100.0
2024,validation_day_0012,4.294027213007212,3.154233051909586,0.27254027027813904,0.0,0,-1.9190547742840807,0.379037469625473,21.371653959351985,22.817270981713467,100.0
2024,validation_day_0013,3.565271595492959,2.6564365681615048,0.4124378828497555,0.0,0,-1.6008687922801887,0.40312498807907104,21.216013376190325,22.14996955693037,100.0
2024,validation_day_0014,3.663346342742443,2.8189359491750983,0.22034471388103016,0.0,0,-1.6627910926577527,0.3374386429786682,21.418509730531593,22.158524411633454,100.0
2024,validation_day_0015,4.198212388902903,3.132883029985734,0.29422311177447186,0.0,0,-1.8860403226680176,0.4240695536136627,21.775620990711108,22.719544756741385,100.0
2024,validation_day_0016,4.55169122852385,3.3618184963138447,0.26684476431740567,0.0,0,-2.037871067819924,0.44390907883644104,21.782436552782332,22.845324306555938,100.0
2024,validation_day_0017,3.945825459435582,3.0635952879104513,0.29964057879356104,0.0,0,-1.796466695412765,0.40378522872924805,21.702335733839043,22.655756833533342,100.0
2024,validation_day_0018,3.8387607634067535,2.911095594714713,0.26014227286192987,0.0,0,-1.7338473479649685,0.3650468587875366,21.58896907470728,22.68351930075303,100.0
2024,validation_day_0019,3.600337477400899,2.762893390120976,0.23744802353372543,0.0,0,-1.632679921244465,0.3647015392780304,21.24334308522412,22.4929155271245,100.0
2024,validation_day_0020,3.43391602486372,2.5647307132202477,0.45583318711515447,0.0,0,-1.5431209501031655,0.33202219009399414,21.025684215157288,22.415246323087924,100.0
2024,validation_day_0021,4.984492555260658,3.7408160068447605,0.8330471955374974,0.6781117358361399,0,-2.5147556622816056,0.4230031371116638,22.318701633206373,23.23243698455431,79.16666666666666
2024,validation_day_0022,3.932002006098628,2.966236482526378,0.23974523856480254,0.0,0,-1.7728478983348641,0.36321210861206055,21.466772824641332,22.615726756547943,100.0
2024,validation_day_0023,3.951615722849965,2.999850248095382,0.22275543556019736,0.0,0,-1.7854547664740659,0.36263278126716614,21.611497399359184,22.71578844708751,100.0
2024,validation_day_0024,4.108701249584556,3.0877955838442563,0.1821682664490769,0.0,0,-1.850169491644218,0.44223347306251526,21.67894102470713,22.637468386957195,100.0
2024,validation_day_0025,3.60863196849823,2.639233048341456,0.5086516528517254,0.0,0,-1.6104362002177603,0.4147602319717407,21.107950855667255,22.093963144431154,100.0
2024,validation_day_0026,4.0486727226525545,3.028184377398991,0.2857905432405734,0.0,0,-1.8202386922755645,0.38899940252304077,21.593246167471708,22.685764068244247,100.0
2024,validation_day_0027,4.005228143185377,2.9765451646186007,0.2345042131690538,0.0,0,-1.7968774758793333,0.35471248626708984,21.46587397671952,22.4143196980228,100.0
2024,validation_day_0028,3.5236571170389652,2.563886081181972,0.3597706348113565,0.0,0,-1.569874351348084,0.39383700489997864,21.212335762374877,22.215256375641093,100.0
2024,validation_day_0029,3.431790931150317,2.6768540208911804,0.31015844056046166,0.0,0,-1.564908083523331,0.3744591176509857,21.269926847826124,22.349854497561076,100.0
2024,validation_day_0030,3.854710064828396,2.9663064934240033,0.2961392334644528,0.0,0,-1.7496743181333194,0.39880985021591187,21.566275886640522,22.667739545596962,100.0
